INSERT INTO services (vehicle_id, service_date, service_type, description, cost, is_covered_by_insurance) VALUES (1, '2022-01-15', 'REGULAR_MAINTENANCE', 'Yıllık bakım', 1096, TRUE);
INSERT INTO services (vehicle_id, service_date, service_type, description, cost, is_covered_by_insurance) VALUES (1, '2022-02-15', 'REGULAR_MAINTENANCE', 'Yıllık bakım', 812, TRUE);
INSERT INTO services (vehicle_id, service_date, service_type, description, cost, is_covered_by_insurance) VALUES (1, '2022-03-15', 'REGULAR_MAINTENANCE', 'Yıllık bakım', 731, TRUE);
INSERT INTO services (vehicle_id, service_date, service_type, description, cost, is_covered_by_insurance) VALUES (1, '2022-04-15', 'REGULAR_MAINTENANCE', 'Yıllık bakım', 609, TRUE);
INSERT INTO services (vehicle_id, service_date, service_type, description, cost, is_covered_by_insurance) VALUES (1, '2022-05-15', 'REGULAR_MAINTENANCE', 'Yıllık bakım', 1465, FALSE);
INSERT INTO services (vehicle_id, service_date, service_type, description, cost, is_covered_by_insurance) VALUES (1, '2022-06-15', 'REGULAR_MAINTENANCE', 'Yıllık bakım', 1029, FALSE);
INSERT INTO services (vehicle_id, service_date, service_type, description, cost, is_covered_by_insurance) VALUES (1, '2022-07-15', 'REGULAR_MAINTENANCE', 'Yıllık bakım', 941, FALSE);
INSERT INTO services (vehicle_id, service_date, service_type, description, cost, is_covered_by_insurance) VALUES (1, '2022-08-15', 'REGULAR_MAINTENANCE', 'Yıllık bakım', 614, TRUE);
INSERT INTO services (vehicle_id, service_date, service_type, description, cost, is_covered_by_insurance) VALUES (1, '2022-09-15', 'REGULAR_MAINTENANCE', 'Yıllık bakım', 668, TRUE);
INSERT INTO services (vehicle_id, service_date, service_type, description, cost, is_covered_by_insurance) VALUES (1, '2022-10-15', 'REGULAR_MAINTENANCE', 'Yıllık bakım', 844, FALSE);
INSERT INTO services (vehicle_id, service_date, service_type, description, cost, is_covered_by_insurance) VALUES (1, '2022-11-15', 'REGULAR_MAINTENANCE', 'Yıllık bakım', 1118, TRUE);
INSERT INTO services (vehicle_id, service_date, service_type, description, cost, is_covered_by_insurance) VALUES (1, '2022-12-15', 'REGULAR_MAINTENANCE', 'Yıllık bakım', 1086, FALSE);
INSERT INTO services (vehicle_id, service_date, service_type, description, cost, is_covered_by_insurance) VALUES (2, '2022-01-15', 'REGULAR_MAINTENANCE', 'Yıllık bakım', 975, TRUE);
INSERT INTO services (vehicle_id, service_date, service_type, description, cost, is_covered_by_insurance) VALUES (2, '2022-02-15', 'REGULAR_MAINTENANCE', 'Yıllık bakım', 1274, FALSE);
INSERT INTO services (vehicle_id, service_date, service_type, description, cost, is_covered_by_insurance) VALUES (2, '2022-03-15', 'REGULAR_MAINTENANCE', 'Yıllık bakım', 1405, FALSE);
INSERT INTO services (vehicle_id, service_date, service_type, description, cost, is_covered_by_insurance) VALUES (2, '2022-04-15', 'REGULAR_MAINTENANCE', 'Yıllık bakım', 1197, TRUE);
INSERT INTO services (vehicle_id, service_date, service_type, description, cost, is_covered_by_insurance) VALUES (2, '2022-05-15', 'REGULAR_MAINTENANCE', 'Yıllık bakım', 751, FALSE);
INSERT INTO services (vehicle_id, service_date, service_type, description, cost, is_covered_by_insurance) VALUES (2, '2022-06-15', 'REGULAR_MAINTENANCE', 'Yıllık bakım', 1038, FALSE);
INSERT INTO services (vehicle_id, service_date, service_type, description, cost, is_covered_by_insurance) VALUES (2, '2022-07-15', 'REGULAR_MAINTENANCE', 'Yıllık bakım', 1492, FALSE);
INSERT INTO services (vehicle_id, service_date, service_type, description, cost, is_covered_by_insurance) VALUES (2, '2022-08-15', 'REGULAR_MAINTENANCE', 'Yıllık bakım', 968, TRUE);
INSERT INTO services (vehicle_id, service_date, service_type, description, cost, is_covered_by_insurance) VALUES (2, '2022-09-15', 'REGULAR_MAINTENANCE', 'Yıllık bakım', 575, FALSE);
INSERT INTO services (vehicle_id, service_date, service_type, description, cost, is_covered_by_insurance) VALUES (2, '2022-10-15', 'REGULAR_MAINTENANCE', 'Yıllık bakım', 968, FALSE);
INSERT INTO services (vehicle_id, service_date, service_type, description, cost, is_covered_by_insurance) VALUES (2, '2022-11-15', 'REGULAR_MAINTENANCE', 'Yıllık bakım', 743, TRUE);
INSERT INTO services (vehicle_id, service_date, service_type, description, cost, is_covered_by_insurance) VALUES (2, '2022-12-15', 'REGULAR_MAINTENANCE', 'Yıllık bakım', 1424, TRUE);
INSERT INTO services (vehicle_id, service_date, service_type, description, cost, is_covered_by_insurance) VALUES (3, '2022-01-15', 'REGULAR_MAINTENANCE', 'Yıllık bakım', 650, TRUE);
INSERT INTO services (vehicle_id, service_date, service_type, description, cost, is_covered_by_insurance) VALUES (3, '2022-02-15', 'REGULAR_MAINTENANCE', 'Yıllık bakım', 1137, TRUE);
INSERT INTO services (vehicle_id, service_date, service_type, description, cost, is_covered_by_insurance) VALUES (3, '2022-03-15', 'REGULAR_MAINTENANCE', 'Yıllık bakım', 949, TRUE);
INSERT INTO services (vehicle_id, service_date, service_type, description, cost, is_covered_by_insurance) VALUES (3, '2022-04-15', 'REGULAR_MAINTENANCE', 'Yıllık bakım', 1339, TRUE);
INSERT INTO services (vehicle_id, service_date, service_type, description, cost, is_covered_by_insurance) VALUES (3, '2022-05-15', 'REGULAR_MAINTENANCE', 'Yıllık bakım', 600, FALSE);
INSERT INTO services (vehicle_id, service_date, service_type, description, cost, is_covered_by_insurance) VALUES (3, '2022-06-15', 'REGULAR_MAINTENANCE', 'Yıllık bakım', 574, FALSE);
INSERT INTO services (vehicle_id, service_date, service_type, description, cost, is_covered_by_insurance) VALUES (3, '2022-07-15', 'REGULAR_MAINTENANCE', 'Yıllık bakım', 876, TRUE);
INSERT INTO services (vehicle_id, service_date, service_type, description, cost, is_covered_by_insurance) VALUES (3, '2022-08-15', 'REGULAR_MAINTENANCE', 'Yıllık bakım', 542, FALSE);
INSERT INTO services (vehicle_id, service_date, service_type, description, cost, is_covered_by_insurance) VALUES (3, '2022-09-15', 'REGULAR_MAINTENANCE', 'Yıllık bakım', 1292, FALSE);
INSERT INTO services (vehicle_id, service_date, service_type, description, cost, is_covered_by_insurance) VALUES (3, '2022-10-15', 'REGULAR_MAINTENANCE', 'Yıllık bakım', 1443, TRUE);
INSERT INTO services (vehicle_id, service_date, service_type, description, cost, is_covered_by_insurance) VALUES (3, '2022-11-15', 'REGULAR_MAINTENANCE', 'Yıllık bakım', 1254, TRUE);
INSERT INTO services (vehicle_id, service_date, service_type, description, cost, is_covered_by_insurance) VALUES (3, '2022-12-15', 'REGULAR_MAINTENANCE', 'Yıllık bakım', 1075, TRUE);
INSERT INTO services (vehicle_id, service_date, service_type, description, cost, is_covered_by_insurance) VALUES (4, '2022-01-15', 'REGULAR_MAINTENANCE', 'Yıllık bakım', 587, TRUE);
INSERT INTO services (vehicle_id, service_date, service_type, description, cost, is_covered_by_insurance) VALUES (4, '2022-02-15', 'REGULAR_MAINTENANCE', 'Yıllık bakım', 1154, FALSE);
INSERT INTO services (vehicle_id, service_date, service_type, description, cost, is_covered_by_insurance) VALUES (4, '2022-03-15', 'REGULAR_MAINTENANCE', 'Yıllık bakım', 693, TRUE);
INSERT INTO services (vehicle_id, service_date, service_type, description, cost, is_covered_by_insurance) VALUES (4, '2022-04-15', 'REGULAR_MAINTENANCE', 'Yıllık bakım', 1146, TRUE);
INSERT INTO services (vehicle_id, service_date, service_type, description, cost, is_covered_by_insurance) VALUES (4, '2022-05-15', 'REGULAR_MAINTENANCE', 'Yıllık bakım', 1115, FALSE);
INSERT INTO services (vehicle_id, service_date, service_type, description, cost, is_covered_by_insurance) VALUES (4, '2022-06-15', 'REGULAR_MAINTENANCE', 'Yıllık bakım', 1324, FALSE);
INSERT INTO services (vehicle_id, service_date, service_type, description, cost, is_covered_by_insurance) VALUES (4, '2022-07-15', 'REGULAR_MAINTENANCE', 'Yıllık bakım', 782, TRUE);
INSERT INTO services (vehicle_id, service_date, service_type, description, cost, is_covered_by_insurance) VALUES (4, '2022-08-15', 'REGULAR_MAINTENANCE', 'Yıllık bakım', 1184, FALSE);
INSERT INTO services (vehicle_id, service_date, service_type, description, cost, is_covered_by_insurance) VALUES (4, '2022-09-15', 'REGULAR_MAINTENANCE', 'Yıllık bakım', 851, TRUE);
INSERT INTO services (vehicle_id, service_date, service_type, description, cost, is_covered_by_insurance) VALUES (4, '2022-10-15', 'REGULAR_MAINTENANCE', 'Yıllık bakım', 554, FALSE);
INSERT INTO services (vehicle_id, service_date, service_type, description, cost, is_covered_by_insurance) VALUES (4, '2022-11-15', 'REGULAR_MAINTENANCE', 'Yıllık bakım', 883, FALSE);
INSERT INTO services (vehicle_id, service_date, service_type, description, cost, is_covered_by_insurance) VALUES (4, '2022-12-15', 'REGULAR_MAINTENANCE', 'Yıllık bakım', 1466, TRUE);
INSERT INTO services (vehicle_id, service_date, service_type, description, cost, is_covered_by_insurance) VALUES (5, '2022-01-15', 'REGULAR_MAINTENANCE', 'Yıllık bakım', 1357, FALSE);
INSERT INTO services (vehicle_id, service_date, service_type, description, cost, is_covered_by_insurance) VALUES (5, '2022-02-15', 'REGULAR_MAINTENANCE', 'Yıllık bakım', 739, FALSE);
INSERT INTO services (vehicle_id, service_date, service_type, description, cost, is_covered_by_insurance) VALUES (5, '2022-03-15', 'REGULAR_MAINTENANCE', 'Yıllık bakım', 1237, TRUE);
INSERT INTO services (vehicle_id, service_date, service_type, description, cost, is_covered_by_insurance) VALUES (5, '2022-04-15', 'REGULAR_MAINTENANCE', 'Yıllık bakım', 1498, FALSE);
INSERT INTO services (vehicle_id, service_date, service_type, description, cost, is_covered_by_insurance) VALUES (5, '2022-05-15', 'REGULAR_MAINTENANCE', 'Yıllık bakım', 1178, TRUE);
INSERT INTO services (vehicle_id, service_date, service_type, description, cost, is_covered_by_insurance) VALUES (5, '2022-06-15', 'REGULAR_MAINTENANCE', 'Yıllık bakım', 1220, TRUE);
INSERT INTO services (vehicle_id, service_date, service_type, description, cost, is_covered_by_insurance) VALUES (5, '2022-07-15', 'REGULAR_MAINTENANCE', 'Yıllık bakım', 740, FALSE);
INSERT INTO services (vehicle_id, service_date, service_type, description, cost, is_covered_by_insurance) VALUES (5, '2022-08-15', 'REGULAR_MAINTENANCE', 'Yıllık bakım', 982, TRUE);
INSERT INTO services (vehicle_id, service_date, service_type, description, cost, is_covered_by_insurance) VALUES (5, '2022-09-15', 'REGULAR_MAINTENANCE', 'Yıllık bakım', 1186, FALSE);
INSERT INTO services (vehicle_id, service_date, service_type, description, cost, is_covered_by_insurance) VALUES (5, '2022-10-15', 'REGULAR_MAINTENANCE', 'Yıllık bakım', 1468, FALSE);
INSERT INTO services (vehicle_id, service_date, service_type, description, cost, is_covered_by_insurance) VALUES (5, '2022-11-15', 'REGULAR_MAINTENANCE', 'Yıllık bakım', 1179, TRUE);
INSERT INTO services (vehicle_id, service_date, service_type, description, cost, is_covered_by_insurance) VALUES (5, '2022-12-15', 'REGULAR_MAINTENANCE', 'Yıllık bakım', 577, TRUE);
INSERT INTO services (vehicle_id, service_date, service_type, description, cost, is_covered_by_insurance) VALUES (6, '2022-01-15', 'REGULAR_MAINTENANCE', 'Yıllık bakım', 1454, FALSE);
INSERT INTO services (vehicle_id, service_date, service_type, description, cost, is_covered_by_insurance) VALUES (6, '2022-02-15', 'REGULAR_MAINTENANCE', 'Yıllık bakım', 1101, FALSE);
INSERT INTO services (vehicle_id, service_date, service_type, description, cost, is_covered_by_insurance) VALUES (6, '2022-03-15', 'REGULAR_MAINTENANCE', 'Yıllık bakım', 1497, TRUE);
INSERT INTO services (vehicle_id, service_date, service_type, description, cost, is_covered_by_insurance) VALUES (6, '2022-04-15', 'REGULAR_MAINTENANCE', 'Yıllık bakım', 1065, TRUE);
INSERT INTO services (vehicle_id, service_date, service_type, description, cost, is_covered_by_insurance) VALUES (6, '2022-05-15', 'REGULAR_MAINTENANCE', 'Yıllık bakım', 549, TRUE);
INSERT INTO services (vehicle_id, service_date, service_type, description, cost, is_covered_by_insurance) VALUES (6, '2022-06-15', 'REGULAR_MAINTENANCE', 'Yıllık bakım', 585, FALSE);
INSERT INTO services (vehicle_id, service_date, service_type, description, cost, is_covered_by_insurance) VALUES (6, '2022-07-15', 'REGULAR_MAINTENANCE', 'Yıllık bakım', 717, FALSE);
INSERT INTO services (vehicle_id, service_date, service_type, description, cost, is_covered_by_insurance) VALUES (6, '2022-08-15', 'REGULAR_MAINTENANCE', 'Yıllık bakım', 743, FALSE);
INSERT INTO services (vehicle_id, service_date, service_type, description, cost, is_covered_by_insurance) VALUES (6, '2022-09-15', 'REGULAR_MAINTENANCE', 'Yıllık bakım', 1214, TRUE);
INSERT INTO services (vehicle_id, service_date, service_type, description, cost, is_covered_by_insurance) VALUES (6, '2022-10-15', 'REGULAR_MAINTENANCE', 'Yıllık bakım', 1496, TRUE);
INSERT INTO services (vehicle_id, service_date, service_type, description, cost, is_covered_by_insurance) VALUES (6, '2022-11-15', 'REGULAR_MAINTENANCE', 'Yıllık bakım', 1111, FALSE);
INSERT INTO services (vehicle_id, service_date, service_type, description, cost, is_covered_by_insurance) VALUES (6, '2022-12-15', 'REGULAR_MAINTENANCE', 'Yıllık bakım', 1248, FALSE);
INSERT INTO services (vehicle_id, service_date, service_type, description, cost, is_covered_by_insurance) VALUES (7, '2022-01-15', 'REGULAR_MAINTENANCE', 'Yıllık bakım', 1489, FALSE);
INSERT INTO services (vehicle_id, service_date, service_type, description, cost, is_covered_by_insurance) VALUES (7, '2022-02-15', 'REGULAR_MAINTENANCE', 'Yıllık bakım', 644, TRUE);
INSERT INTO services (vehicle_id, service_date, service_type, description, cost, is_covered_by_insurance) VALUES (7, '2022-03-15', 'REGULAR_MAINTENANCE', 'Yıllık bakım', 610, FALSE);
INSERT INTO services (vehicle_id, service_date, service_type, description, cost, is_covered_by_insurance) VALUES (7, '2022-04-15', 'REGULAR_MAINTENANCE', 'Yıllık bakım', 864, FALSE);
INSERT INTO services (vehicle_id, service_date, service_type, description, cost, is_covered_by_insurance) VALUES (7, '2022-05-15', 'REGULAR_MAINTENANCE', 'Yıllık bakım', 510, TRUE);
INSERT INTO services (vehicle_id, service_date, service_type, description, cost, is_covered_by_insurance) VALUES (7, '2022-06-15', 'REGULAR_MAINTENANCE', 'Yıllık bakım', 1243, FALSE);
INSERT INTO services (vehicle_id, service_date, service_type, description, cost, is_covered_by_insurance) VALUES (7, '2022-07-15', 'REGULAR_MAINTENANCE', 'Yıllık bakım', 1050, TRUE);
INSERT INTO services (vehicle_id, service_date, service_type, description, cost, is_covered_by_insurance) VALUES (7, '2022-08-15', 'REGULAR_MAINTENANCE', 'Yıllık bakım', 1310, TRUE);
INSERT INTO services (vehicle_id, service_date, service_type, description, cost, is_covered_by_insurance) VALUES (7, '2022-09-15', 'REGULAR_MAINTENANCE', 'Yıllık bakım', 929, FALSE);
INSERT INTO services (vehicle_id, service_date, service_type, description, cost, is_covered_by_insurance) VALUES (7, '2022-10-15', 'REGULAR_MAINTENANCE', 'Yıllık bakım', 1294, TRUE);
INSERT INTO services (vehicle_id, service_date, service_type, description, cost, is_covered_by_insurance) VALUES (7, '2022-11-15', 'REGULAR_MAINTENANCE', 'Yıllık bakım', 532, TRUE);
INSERT INTO services (vehicle_id, service_date, service_type, description, cost, is_covered_by_insurance) VALUES (7, '2022-12-15', 'REGULAR_MAINTENANCE', 'Yıllık bakım', 1186, FALSE);
INSERT INTO services (vehicle_id, service_date, service_type, description, cost, is_covered_by_insurance) VALUES (8, '2022-01-15', 'REGULAR_MAINTENANCE', 'Yıllık bakım', 826, FALSE);
INSERT INTO services (vehicle_id, service_date, service_type, description, cost, is_covered_by_insurance) VALUES (8, '2022-02-15', 'REGULAR_MAINTENANCE', 'Yıllık bakım', 1185, TRUE);
INSERT INTO services (vehicle_id, service_date, service_type, description, cost, is_covered_by_insurance) VALUES (8, '2022-03-15', 'REGULAR_MAINTENANCE', 'Yıllık bakım', 557, TRUE);
INSERT INTO services (vehicle_id, service_date, service_type, description, cost, is_covered_by_insurance) VALUES (8, '2022-04-15', 'REGULAR_MAINTENANCE', 'Yıllık bakım', 1317, TRUE);
INSERT INTO services (vehicle_id, service_date, service_type, description, cost, is_covered_by_insurance) VALUES (8, '2022-05-15', 'REGULAR_MAINTENANCE', 'Yıllık bakım', 1198, FALSE);
INSERT INTO services (vehicle_id, service_date, service_type, description, cost, is_covered_by_insurance) VALUES (8, '2022-06-15', 'REGULAR_MAINTENANCE', 'Yıllık bakım', 957, FALSE);
INSERT INTO services (vehicle_id, service_date, service_type, description, cost, is_covered_by_insurance) VALUES (8, '2022-07-15', 'REGULAR_MAINTENANCE', 'Yıllık bakım', 1258, TRUE);
INSERT INTO services (vehicle_id, service_date, service_type, description, cost, is_covered_by_insurance) VALUES (8, '2022-08-15', 'REGULAR_MAINTENANCE', 'Yıllık bakım', 1147, TRUE);
INSERT INTO services (vehicle_id, service_date, service_type, description, cost, is_covered_by_insurance) VALUES (8, '2022-09-15', 'REGULAR_MAINTENANCE', 'Yıllık bakım', 706, FALSE);
INSERT INTO services (vehicle_id, service_date, service_type, description, cost, is_covered_by_insurance) VALUES (8, '2022-10-15', 'REGULAR_MAINTENANCE', 'Yıllık bakım', 741, TRUE);
INSERT INTO services (vehicle_id, service_date, service_type, description, cost, is_covered_by_insurance) VALUES (8, '2022-11-15', 'REGULAR_MAINTENANCE', 'Yıllık bakım', 1487, FALSE);
INSERT INTO services (vehicle_id, service_date, service_type, description, cost, is_covered_by_insurance) VALUES (8, '2022-12-15', 'REGULAR_MAINTENANCE', 'Yıllık bakım', 702, FALSE);
INSERT INTO services (vehicle_id, service_date, service_type, description, cost, is_covered_by_insurance) VALUES (9, '2022-01-15', 'REGULAR_MAINTENANCE', 'Yıllık bakım', 848, FALSE);
INSERT INTO services (vehicle_id, service_date, service_type, description, cost, is_covered_by_insurance) VALUES (9, '2022-02-15', 'REGULAR_MAINTENANCE', 'Yıllık bakım', 1369, FALSE);
INSERT INTO services (vehicle_id, service_date, service_type, description, cost, is_covered_by_insurance) VALUES (9, '2022-03-15', 'REGULAR_MAINTENANCE', 'Yıllık bakım', 552, FALSE);
INSERT INTO services (vehicle_id, service_date, service_type, description, cost, is_covered_by_insurance) VALUES (9, '2022-04-15', 'REGULAR_MAINTENANCE', 'Yıllık bakım', 725, FALSE);
INSERT INTO services (vehicle_id, service_date, service_type, description, cost, is_covered_by_insurance) VALUES (9, '2022-05-15', 'REGULAR_MAINTENANCE', 'Yıllık bakım', 1395, FALSE);
INSERT INTO services (vehicle_id, service_date, service_type, description, cost, is_covered_by_insurance) VALUES (9, '2022-06-15', 'REGULAR_MAINTENANCE', 'Yıllık bakım', 665, FALSE);
INSERT INTO services (vehicle_id, service_date, service_type, description, cost, is_covered_by_insurance) VALUES (9, '2022-07-15', 'REGULAR_MAINTENANCE', 'Yıllık bakım', 609, TRUE);
INSERT INTO services (vehicle_id, service_date, service_type, description, cost, is_covered_by_insurance) VALUES (9, '2022-08-15', 'REGULAR_MAINTENANCE', 'Yıllık bakım', 1379, FALSE);
INSERT INTO services (vehicle_id, service_date, service_type, description, cost, is_covered_by_insurance) VALUES (9, '2022-09-15', 'REGULAR_MAINTENANCE', 'Yıllık bakım', 635, TRUE);
INSERT INTO services (vehicle_id, service_date, service_type, description, cost, is_covered_by_insurance) VALUES (9, '2022-10-15', 'REGULAR_MAINTENANCE', 'Yıllık bakım', 804, FALSE);
INSERT INTO services (vehicle_id, service_date, service_type, description, cost, is_covered_by_insurance) VALUES (9, '2022-11-15', 'REGULAR_MAINTENANCE', 'Yıllık bakım', 1342, FALSE);
INSERT INTO services (vehicle_id, service_date, service_type, description, cost, is_covered_by_insurance) VALUES (9, '2022-12-15', 'REGULAR_MAINTENANCE', 'Yıllık bakım', 1024, TRUE);
INSERT INTO services (vehicle_id, service_date, service_type, description, cost, is_covered_by_insurance) VALUES (10, '2022-01-15', 'REGULAR_MAINTENANCE', 'Yıllık bakım', 564, FALSE);
INSERT INTO services (vehicle_id, service_date, service_type, description, cost, is_covered_by_insurance) VALUES (10, '2022-02-15', 'REGULAR_MAINTENANCE', 'Yıllık bakım', 1160, FALSE);
INSERT INTO services (vehicle_id, service_date, service_type, description, cost, is_covered_by_insurance) VALUES (10, '2022-03-15', 'REGULAR_MAINTENANCE', 'Yıllık bakım', 1158, FALSE);
INSERT INTO services (vehicle_id, service_date, service_type, description, cost, is_covered_by_insurance) VALUES (10, '2022-04-15', 'REGULAR_MAINTENANCE', 'Yıllık bakım', 1225, TRUE);
INSERT INTO services (vehicle_id, service_date, service_type, description, cost, is_covered_by_insurance) VALUES (10, '2022-05-15', 'REGULAR_MAINTENANCE', 'Yıllık bakım', 1364, FALSE);
INSERT INTO services (vehicle_id, service_date, service_type, description, cost, is_covered_by_insurance) VALUES (10, '2022-06-15', 'REGULAR_MAINTENANCE', 'Yıllık bakım', 1110, FALSE);
INSERT INTO services (vehicle_id, service_date, service_type, description, cost, is_covered_by_insurance) VALUES (10, '2022-07-15', 'REGULAR_MAINTENANCE', 'Yıllık bakım', 951, FALSE);
INSERT INTO services (vehicle_id, service_date, service_type, description, cost, is_covered_by_insurance) VALUES (10, '2022-08-15', 'REGULAR_MAINTENANCE', 'Yıllık bakım', 1243, FALSE);
INSERT INTO services (vehicle_id, service_date, service_type, description, cost, is_covered_by_insurance) VALUES (10, '2022-09-15', 'REGULAR_MAINTENANCE', 'Yıllık bakım', 1118, FALSE);
INSERT INTO services (vehicle_id, service_date, service_type, description, cost, is_covered_by_insurance) VALUES (10, '2022-10-15', 'REGULAR_MAINTENANCE', 'Yıllık bakım', 922, FALSE);
INSERT INTO services (vehicle_id, service_date, service_type, description, cost, is_covered_by_insurance) VALUES (10, '2022-11-15', 'REGULAR_MAINTENANCE', 'Yıllık bakım', 1408, TRUE);
INSERT INTO services (vehicle_id, service_date, service_type, description, cost, is_covered_by_insurance) VALUES (10, '2022-12-15', 'REGULAR_MAINTENANCE', 'Yıllık bakım', 1129, TRUE);
INSERT INTO services (vehicle_id, service_date, service_type, description, cost, is_covered_by_insurance) VALUES (11, '2022-01-15', 'REGULAR_MAINTENANCE', 'Yıllık bakım', 749, FALSE);
INSERT INTO services (vehicle_id, service_date, service_type, description, cost, is_covered_by_insurance) VALUES (11, '2022-02-15', 'REGULAR_MAINTENANCE', 'Yıllık bakım', 1379, FALSE);
INSERT INTO services (vehicle_id, service_date, service_type, description, cost, is_covered_by_insurance) VALUES (11, '2022-03-15', 'REGULAR_MAINTENANCE', 'Yıllık bakım', 1236, TRUE);
INSERT INTO services (vehicle_id, service_date, service_type, description, cost, is_covered_by_insurance) VALUES (11, '2022-04-15', 'REGULAR_MAINTENANCE', 'Yıllık bakım', 853, TRUE);
INSERT INTO services (vehicle_id, service_date, service_type, description, cost, is_covered_by_insurance) VALUES (11, '2022-05-15', 'REGULAR_MAINTENANCE', 'Yıllık bakım', 1265, TRUE);
INSERT INTO services (vehicle_id, service_date, service_type, description, cost, is_covered_by_insurance) VALUES (11, '2022-06-15', 'REGULAR_MAINTENANCE', 'Yıllık bakım', 1456, FALSE);
INSERT INTO services (vehicle_id, service_date, service_type, description, cost, is_covered_by_insurance) VALUES (11, '2022-07-15', 'REGULAR_MAINTENANCE', 'Yıllık bakım', 554, FALSE);
INSERT INTO services (vehicle_id, service_date, service_type, description, cost, is_covered_by_insurance) VALUES (11, '2022-08-15', 'REGULAR_MAINTENANCE', 'Yıllık bakım', 625, TRUE);
INSERT INTO services (vehicle_id, service_date, service_type, description, cost, is_covered_by_insurance) VALUES (11, '2022-09-15', 'REGULAR_MAINTENANCE', 'Yıllık bakım', 719, FALSE);
INSERT INTO services (vehicle_id, service_date, service_type, description, cost, is_covered_by_insurance) VALUES (11, '2022-10-15', 'REGULAR_MAINTENANCE', 'Yıllık bakım', 1259, TRUE);
INSERT INTO services (vehicle_id, service_date, service_type, description, cost, is_covered_by_insurance) VALUES (11, '2022-11-15', 'REGULAR_MAINTENANCE', 'Yıllık bakım', 676, TRUE);
INSERT INTO services (vehicle_id, service_date, service_type, description, cost, is_covered_by_insurance) VALUES (11, '2022-12-15', 'REGULAR_MAINTENANCE', 'Yıllık bakım', 771, FALSE);
INSERT INTO services (vehicle_id, service_date, service_type, description, cost, is_covered_by_insurance) VALUES (12, '2022-01-15', 'REGULAR_MAINTENANCE', 'Yıllık bakım', 1411, FALSE);
INSERT INTO services (vehicle_id, service_date, service_type, description, cost, is_covered_by_insurance) VALUES (12, '2022-02-15', 'REGULAR_MAINTENANCE', 'Yıllık bakım', 1238, FALSE);
INSERT INTO services (vehicle_id, service_date, service_type, description, cost, is_covered_by_insurance) VALUES (12, '2022-03-15', 'REGULAR_MAINTENANCE', 'Yıllık bakım', 1302, FALSE);
INSERT INTO services (vehicle_id, service_date, service_type, description, cost, is_covered_by_insurance) VALUES (12, '2022-04-15', 'REGULAR_MAINTENANCE', 'Yıllık bakım', 1447, TRUE);
INSERT INTO services (vehicle_id, service_date, service_type, description, cost, is_covered_by_insurance) VALUES (12, '2022-05-15', 'REGULAR_MAINTENANCE', 'Yıllık bakım', 1056, FALSE);
INSERT INTO services (vehicle_id, service_date, service_type, description, cost, is_covered_by_insurance) VALUES (12, '2022-06-15', 'REGULAR_MAINTENANCE', 'Yıllık bakım', 516, TRUE);
INSERT INTO services (vehicle_id, service_date, service_type, description, cost, is_covered_by_insurance) VALUES (12, '2022-07-15', 'REGULAR_MAINTENANCE', 'Yıllık bakım', 565, TRUE);
INSERT INTO services (vehicle_id, service_date, service_type, description, cost, is_covered_by_insurance) VALUES (12, '2022-08-15', 'REGULAR_MAINTENANCE', 'Yıllık bakım', 745, TRUE);
INSERT INTO services (vehicle_id, service_date, service_type, description, cost, is_covered_by_insurance) VALUES (12, '2022-09-15', 'REGULAR_MAINTENANCE', 'Yıllık bakım', 728, FALSE);
INSERT INTO services (vehicle_id, service_date, service_type, description, cost, is_covered_by_insurance) VALUES (12, '2022-10-15', 'REGULAR_MAINTENANCE', 'Yıllık bakım', 835, TRUE);
INSERT INTO services (vehicle_id, service_date, service_type, description, cost, is_covered_by_insurance) VALUES (12, '2022-11-15', 'REGULAR_MAINTENANCE', 'Yıllık bakım', 1064, FALSE);
INSERT INTO services (vehicle_id, service_date, service_type, description, cost, is_covered_by_insurance) VALUES (12, '2022-12-15', 'REGULAR_MAINTENANCE', 'Yıllık bakım', 1336, FALSE);
INSERT INTO services (vehicle_id, service_date, service_type, description, cost, is_covered_by_insurance) VALUES (13, '2022-01-15', 'REGULAR_MAINTENANCE', 'Yıllık bakım', 515, TRUE);
INSERT INTO services (vehicle_id, service_date, service_type, description, cost, is_covered_by_insurance) VALUES (13, '2022-02-15', 'REGULAR_MAINTENANCE', 'Yıllık bakım', 1286, TRUE);
INSERT INTO services (vehicle_id, service_date, service_type, description, cost, is_covered_by_insurance) VALUES (13, '2022-03-15', 'REGULAR_MAINTENANCE', 'Yıllık bakım', 1121, TRUE);
INSERT INTO services (vehicle_id, service_date, service_type, description, cost, is_covered_by_insurance) VALUES (13, '2022-04-15', 'REGULAR_MAINTENANCE', 'Yıllık bakım', 1235, TRUE);
INSERT INTO services (vehicle_id, service_date, service_type, description, cost, is_covered_by_insurance) VALUES (13, '2022-05-15', 'REGULAR_MAINTENANCE', 'Yıllık bakım', 586, FALSE);
INSERT INTO services (vehicle_id, service_date, service_type, description, cost, is_covered_by_insurance) VALUES (13, '2022-06-15', 'REGULAR_MAINTENANCE', 'Yıllık bakım', 929, TRUE);
INSERT INTO services (vehicle_id, service_date, service_type, description, cost, is_covered_by_insurance) VALUES (13, '2022-07-15', 'REGULAR_MAINTENANCE', 'Yıllık bakım', 885, TRUE);
INSERT INTO services (vehicle_id, service_date, service_type, description, cost, is_covered_by_insurance) VALUES (13, '2022-08-15', 'REGULAR_MAINTENANCE', 'Yıllık bakım', 1157, TRUE);
INSERT INTO services (vehicle_id, service_date, service_type, description, cost, is_covered_by_insurance) VALUES (13, '2022-09-15', 'REGULAR_MAINTENANCE', 'Yıllık bakım', 631, TRUE);
INSERT INTO services (vehicle_id, service_date, service_type, description, cost, is_covered_by_insurance) VALUES (13, '2022-10-15', 'REGULAR_MAINTENANCE', 'Yıllık bakım', 1278, FALSE);
INSERT INTO services (vehicle_id, service_date, service_type, description, cost, is_covered_by_insurance) VALUES (13, '2022-11-15', 'REGULAR_MAINTENANCE', 'Yıllık bakım', 856, TRUE);
INSERT INTO services (vehicle_id, service_date, service_type, description, cost, is_covered_by_insurance) VALUES (13, '2022-12-15', 'REGULAR_MAINTENANCE', 'Yıllık bakım', 961, FALSE);
INSERT INTO services (vehicle_id, service_date, service_type, description, cost, is_covered_by_insurance) VALUES (14, '2022-01-15', 'REGULAR_MAINTENANCE', 'Yıllık bakım', 1067, FALSE);
INSERT INTO services (vehicle_id, service_date, service_type, description, cost, is_covered_by_insurance) VALUES (14, '2022-02-15', 'REGULAR_MAINTENANCE', 'Yıllık bakım', 579, FALSE);
INSERT INTO services (vehicle_id, service_date, service_type, description, cost, is_covered_by_insurance) VALUES (14, '2022-03-15', 'REGULAR_MAINTENANCE', 'Yıllık bakım', 1067, FALSE);
INSERT INTO services (vehicle_id, service_date, service_type, description, cost, is_covered_by_insurance) VALUES (14, '2022-04-15', 'REGULAR_MAINTENANCE', 'Yıllık bakım', 812, FALSE);
INSERT INTO services (vehicle_id, service_date, service_type, description, cost, is_covered_by_insurance) VALUES (14, '2022-05-15', 'REGULAR_MAINTENANCE', 'Yıllık bakım', 765, TRUE);
INSERT INTO services (vehicle_id, service_date, service_type, description, cost, is_covered_by_insurance) VALUES (14, '2022-06-15', 'REGULAR_MAINTENANCE', 'Yıllık bakım', 527, TRUE);
INSERT INTO services (vehicle_id, service_date, service_type, description, cost, is_covered_by_insurance) VALUES (14, '2022-07-15', 'REGULAR_MAINTENANCE', 'Yıllık bakım', 1228, TRUE);
INSERT INTO services (vehicle_id, service_date, service_type, description, cost, is_covered_by_insurance) VALUES (14, '2022-08-15', 'REGULAR_MAINTENANCE', 'Yıllık bakım', 756, TRUE);
INSERT INTO services (vehicle_id, service_date, service_type, description, cost, is_covered_by_insurance) VALUES (14, '2022-09-15', 'REGULAR_MAINTENANCE', 'Yıllık bakım', 1346, FALSE);
INSERT INTO services (vehicle_id, service_date, service_type, description, cost, is_covered_by_insurance) VALUES (14, '2022-10-15', 'REGULAR_MAINTENANCE', 'Yıllık bakım', 948, FALSE);
INSERT INTO services (vehicle_id, service_date, service_type, description, cost, is_covered_by_insurance) VALUES (14, '2022-11-15', 'REGULAR_MAINTENANCE', 'Yıllık bakım', 1383, FALSE);
INSERT INTO services (vehicle_id, service_date, service_type, description, cost, is_covered_by_insurance) VALUES (14, '2022-12-15', 'REGULAR_MAINTENANCE', 'Yıllık bakım', 1081, FALSE);
INSERT INTO services (vehicle_id, service_date, service_type, description, cost, is_covered_by_insurance) VALUES (15, '2022-01-15', 'REGULAR_MAINTENANCE', 'Yıllık bakım', 991, TRUE);
INSERT INTO services (vehicle_id, service_date, service_type, description, cost, is_covered_by_insurance) VALUES (15, '2022-02-15', 'REGULAR_MAINTENANCE', 'Yıllık bakım', 1091, TRUE);
INSERT INTO services (vehicle_id, service_date, service_type, description, cost, is_covered_by_insurance) VALUES (15, '2022-03-15', 'REGULAR_MAINTENANCE', 'Yıllık bakım', 1472, FALSE);
INSERT INTO services (vehicle_id, service_date, service_type, description, cost, is_covered_by_insurance) VALUES (15, '2022-04-15', 'REGULAR_MAINTENANCE', 'Yıllık bakım', 1353, TRUE);
INSERT INTO services (vehicle_id, service_date, service_type, description, cost, is_covered_by_insurance) VALUES (15, '2022-05-15', 'REGULAR_MAINTENANCE', 'Yıllık bakım', 643, TRUE);
INSERT INTO services (vehicle_id, service_date, service_type, description, cost, is_covered_by_insurance) VALUES (15, '2022-06-15', 'REGULAR_MAINTENANCE', 'Yıllık bakım', 1325, TRUE);
INSERT INTO services (vehicle_id, service_date, service_type, description, cost, is_covered_by_insurance) VALUES (15, '2022-07-15', 'REGULAR_MAINTENANCE', 'Yıllık bakım', 1077, FALSE);
INSERT INTO services (vehicle_id, service_date, service_type, description, cost, is_covered_by_insurance) VALUES (15, '2022-08-15', 'REGULAR_MAINTENANCE', 'Yıllık bakım', 813, FALSE);
INSERT INTO services (vehicle_id, service_date, service_type, description, cost, is_covered_by_insurance) VALUES (15, '2022-09-15', 'REGULAR_MAINTENANCE', 'Yıllık bakım', 969, FALSE);
INSERT INTO services (vehicle_id, service_date, service_type, description, cost, is_covered_by_insurance) VALUES (15, '2022-10-15', 'REGULAR_MAINTENANCE', 'Yıllık bakım', 1150, TRUE);
INSERT INTO services (vehicle_id, service_date, service_type, description, cost, is_covered_by_insurance) VALUES (15, '2022-11-15', 'REGULAR_MAINTENANCE', 'Yıllık bakım', 802, TRUE);
INSERT INTO services (vehicle_id, service_date, service_type, description, cost, is_covered_by_insurance) VALUES (15, '2022-12-15', 'REGULAR_MAINTENANCE', 'Yıllık bakım', 1155, TRUE);
INSERT INTO fuel_consumption (vehicle_id, driver_id, date, liters, cost, odometer_reading) VALUES (1, 3, '2022-01-01', 50.6, 1764.23, 25900);
INSERT INTO fuel_consumption (vehicle_id, driver_id, date, liters, cost, odometer_reading) VALUES (1, 3, '2022-02-01', 59.9, 2324.72, 26706);
INSERT INTO fuel_consumption (vehicle_id, driver_id, date, liters, cost, odometer_reading) VALUES (1, 3, '2022-03-01', 41.3, 1484.91, 27727);
INSERT INTO fuel_consumption (vehicle_id, driver_id, date, liters, cost, odometer_reading) VALUES (1, 3, '2022-04-01', 61.0, 2032.08, 28689);
INSERT INTO fuel_consumption (vehicle_id, driver_id, date, liters, cost, odometer_reading) VALUES (1, 3, '2022-05-01', 61.2, 2286.6, 29742);
INSERT INTO fuel_consumption (vehicle_id, driver_id, date, liters, cost, odometer_reading) VALUES (1, 3, '2022-06-01', 46.9, 1558.1, 30563);
INSERT INTO fuel_consumption (vehicle_id, driver_id, date, liters, cost, odometer_reading) VALUES (1, 3, '2022-07-01', 65.3, 2522.7, 31702);
INSERT INTO fuel_consumption (vehicle_id, driver_id, date, liters, cost, odometer_reading) VALUES (1, 3, '2022-08-01', 53.2, 1887.08, 32878);
INSERT INTO fuel_consumption (vehicle_id, driver_id, date, liters, cost, odometer_reading) VALUES (1, 3, '2022-09-01', 45.1, 1427.35, 33803);
INSERT INTO fuel_consumption (vehicle_id, driver_id, date, liters, cost, odometer_reading) VALUES (1, 3, '2022-10-01', 65.4, 2101.99, 34793);
INSERT INTO fuel_consumption (vehicle_id, driver_id, date, liters, cost, odometer_reading) VALUES (1, 3, '2022-11-01', 66.7, 2015.28, 35739);
INSERT INTO fuel_consumption (vehicle_id, driver_id, date, liters, cost, odometer_reading) VALUES (1, 3, '2022-12-01', 45.4, 1802.85, 36626);
INSERT INTO fuel_consumption (vehicle_id, driver_id, date, liters, cost, odometer_reading) VALUES (2, 3, '2022-01-01', 45.9, 1806.84, 26800);
INSERT INTO fuel_consumption (vehicle_id, driver_id, date, liters, cost, odometer_reading) VALUES (2, 3, '2022-02-01', 66.9, 2450.73, 27969);
INSERT INTO fuel_consumption (vehicle_id, driver_id, date, liters, cost, odometer_reading) VALUES (2, 3, '2022-03-01', 51.5, 1917.15, 29152);
INSERT INTO fuel_consumption (vehicle_id, driver_id, date, liters, cost, odometer_reading) VALUES (2, 3, '2022-04-01', 61.1, 2110.91, 29997);
INSERT INTO fuel_consumption (vehicle_id, driver_id, date, liters, cost, odometer_reading) VALUES (2, 3, '2022-05-01', 44.9, 1440.77, 30951);
INSERT INTO fuel_consumption (vehicle_id, driver_id, date, liters, cost, odometer_reading) VALUES (2, 3, '2022-06-01', 54.3, 1647.77, 32029);
INSERT INTO fuel_consumption (vehicle_id, driver_id, date, liters, cost, odometer_reading) VALUES (2, 3, '2022-07-01', 59.6, 2231.39, 33138);
INSERT INTO fuel_consumption (vehicle_id, driver_id, date, liters, cost, odometer_reading) VALUES (2, 3, '2022-08-01', 69.4, 2686.61, 34187);
INSERT INTO fuel_consumption (vehicle_id, driver_id, date, liters, cost, odometer_reading) VALUES (2, 3, '2022-09-01', 44.2, 1702.31, 35260);
INSERT INTO fuel_consumption (vehicle_id, driver_id, date, liters, cost, odometer_reading) VALUES (2, 3, '2022-10-01', 66.0, 2481.93, 36096);
INSERT INTO fuel_consumption (vehicle_id, driver_id, date, liters, cost, odometer_reading) VALUES (2, 3, '2022-11-01', 40.6, 1369.12, 37018);
INSERT INTO fuel_consumption (vehicle_id, driver_id, date, liters, cost, odometer_reading) VALUES (2, 3, '2022-12-01', 62.3, 2075.86, 37825);
INSERT INTO fuel_consumption (vehicle_id, driver_id, date, liters, cost, odometer_reading) VALUES (3, 3, '2022-01-01', 69.9, 2597.76, 27700);
INSERT INTO fuel_consumption (vehicle_id, driver_id, date, liters, cost, odometer_reading) VALUES (3, 3, '2022-02-01', 53.2, 2005.9, 28827);
INSERT INTO fuel_consumption (vehicle_id, driver_id, date, liters, cost, odometer_reading) VALUES (3, 3, '2022-03-01', 60.2, 2401.48, 29963);
INSERT INTO fuel_consumption (vehicle_id, driver_id, date, liters, cost, odometer_reading) VALUES (3, 3, '2022-04-01', 47.1, 1552.24, 31006);
INSERT INTO fuel_consumption (vehicle_id, driver_id, date, liters, cost, odometer_reading) VALUES (3, 3, '2022-05-01', 65.8, 2489.53, 31896);
INSERT INTO fuel_consumption (vehicle_id, driver_id, date, liters, cost, odometer_reading) VALUES (3, 3, '2022-06-01', 48.0, 1821.24, 33071);
INSERT INTO fuel_consumption (vehicle_id, driver_id, date, liters, cost, odometer_reading) VALUES (3, 3, '2022-07-01', 67.5, 2199.05, 33965);
INSERT INTO fuel_consumption (vehicle_id, driver_id, date, liters, cost, odometer_reading) VALUES (3, 3, '2022-08-01', 40.4, 1567.88, 34892);
INSERT INTO fuel_consumption (vehicle_id, driver_id, date, liters, cost, odometer_reading) VALUES (3, 3, '2022-09-01', 62.4, 2267.62, 35841);
INSERT INTO fuel_consumption (vehicle_id, driver_id, date, liters, cost, odometer_reading) VALUES (3, 3, '2022-10-01', 62.5, 2013.96, 36784);
INSERT INTO fuel_consumption (vehicle_id, driver_id, date, liters, cost, odometer_reading) VALUES (3, 3, '2022-11-01', 50.9, 1602.41, 37636);
INSERT INTO fuel_consumption (vehicle_id, driver_id, date, liters, cost, odometer_reading) VALUES (3, 3, '2022-12-01', 48.4, 1569.99, 38780);
INSERT INTO fuel_consumption (vehicle_id, driver_id, date, liters, cost, odometer_reading) VALUES (4, 3, '2022-01-01', 47.3, 1498.36, 28600);
INSERT INTO fuel_consumption (vehicle_id, driver_id, date, liters, cost, odometer_reading) VALUES (4, 3, '2022-02-01', 63.3, 2152.88, 29496);
INSERT INTO fuel_consumption (vehicle_id, driver_id, date, liters, cost, odometer_reading) VALUES (4, 3, '2022-03-01', 69.3, 2276.84, 30529);
INSERT INTO fuel_consumption (vehicle_id, driver_id, date, liters, cost, odometer_reading) VALUES (4, 3, '2022-04-01', 45.0, 1732.46, 31562);
INSERT INTO fuel_consumption (vehicle_id, driver_id, date, liters, cost, odometer_reading) VALUES (4, 3, '2022-05-01', 57.8, 1827.94, 32445);
INSERT INTO fuel_consumption (vehicle_id, driver_id, date, liters, cost, odometer_reading) VALUES (4, 3, '2022-06-01', 56.6, 1773.44, 33443);
INSERT INTO fuel_consumption (vehicle_id, driver_id, date, liters, cost, odometer_reading) VALUES (4, 3, '2022-07-01', 69.7, 2641.03, 34439);
INSERT INTO fuel_consumption (vehicle_id, driver_id, date, liters, cost, odometer_reading) VALUES (4, 3, '2022-08-01', 54.9, 1792.9, 35396);
INSERT INTO fuel_consumption (vehicle_id, driver_id, date, liters, cost, odometer_reading) VALUES (4, 3, '2022-09-01', 54.2, 1737.4, 36545);
INSERT INTO fuel_consumption (vehicle_id, driver_id, date, liters, cost, odometer_reading) VALUES (4, 3, '2022-10-01', 41.2, 1460.87, 37397);
INSERT INTO fuel_consumption (vehicle_id, driver_id, date, liters, cost, odometer_reading) VALUES (4, 3, '2022-11-01', 53.1, 2019.82, 38313);
INSERT INTO fuel_consumption (vehicle_id, driver_id, date, liters, cost, odometer_reading) VALUES (4, 3, '2022-12-01', 68.2, 2138.1, 39149);
INSERT INTO fuel_consumption (vehicle_id, driver_id, date, liters, cost, odometer_reading) VALUES (5, 3, '2022-01-01', 68.2, 2332.65, 29500);
INSERT INTO fuel_consumption (vehicle_id, driver_id, date, liters, cost, odometer_reading) VALUES (5, 3, '2022-02-01', 44.5, 1710.05, 30405);
INSERT INTO fuel_consumption (vehicle_id, driver_id, date, liters, cost, odometer_reading) VALUES (5, 3, '2022-03-01', 43.5, 1601.61, 31535);
INSERT INTO fuel_consumption (vehicle_id, driver_id, date, liters, cost, odometer_reading) VALUES (5, 3, '2022-04-01', 46.9, 1667.29, 32381);
INSERT INTO fuel_consumption (vehicle_id, driver_id, date, liters, cost, odometer_reading) VALUES (5, 3, '2022-05-01', 49.3, 1828.82, 33313);
INSERT INTO fuel_consumption (vehicle_id, driver_id, date, liters, cost, odometer_reading) VALUES (5, 3, '2022-06-01', 60.2, 2104.54, 34168);
INSERT INTO fuel_consumption (vehicle_id, driver_id, date, liters, cost, odometer_reading) VALUES (5, 3, '2022-07-01', 69.9, 2121.65, 35055);
INSERT INTO fuel_consumption (vehicle_id, driver_id, date, liters, cost, odometer_reading) VALUES (5, 3, '2022-08-01', 41.1, 1427.85, 36226);
INSERT INTO fuel_consumption (vehicle_id, driver_id, date, liters, cost, odometer_reading) VALUES (5, 3, '2022-09-01', 59.8, 2144.46, 37215);
INSERT INTO fuel_consumption (vehicle_id, driver_id, date, liters, cost, odometer_reading) VALUES (5, 3, '2022-10-01', 68.8, 2142.25, 38037);
INSERT INTO fuel_consumption (vehicle_id, driver_id, date, liters, cost, odometer_reading) VALUES (5, 3, '2022-11-01', 42.3, 1517.4, 38898);
INSERT INTO fuel_consumption (vehicle_id, driver_id, date, liters, cost, odometer_reading) VALUES (5, 3, '2022-12-01', 47.7, 1741.8, 39722);
INSERT INTO fuel_consumption (vehicle_id, driver_id, date, liters, cost, odometer_reading) VALUES (6, 6, '2022-01-01', 45.4, 1502.43, 30400);
INSERT INTO fuel_consumption (vehicle_id, driver_id, date, liters, cost, odometer_reading) VALUES (6, 6, '2022-02-01', 67.4, 2110.9, 31323);
INSERT INTO fuel_consumption (vehicle_id, driver_id, date, liters, cost, odometer_reading) VALUES (6, 6, '2022-03-01', 47.1, 1794.46, 32187);
INSERT INTO fuel_consumption (vehicle_id, driver_id, date, liters, cost, odometer_reading) VALUES (6, 6, '2022-04-01', 55.4, 1967.66, 33089);
INSERT INTO fuel_consumption (vehicle_id, driver_id, date, liters, cost, odometer_reading) VALUES (6, 6, '2022-05-01', 44.5, 1376.2, 34121);
INSERT INTO fuel_consumption (vehicle_id, driver_id, date, liters, cost, odometer_reading) VALUES (6, 6, '2022-06-01', 55.3, 1926.92, 35016);
INSERT INTO fuel_consumption (vehicle_id, driver_id, date, liters, cost, odometer_reading) VALUES (6, 6, '2022-07-01', 42.0, 1473.03, 36042);
INSERT INTO fuel_consumption (vehicle_id, driver_id, date, liters, cost, odometer_reading) VALUES (6, 6, '2022-08-01', 66.7, 2566.88, 37042);
INSERT INTO fuel_consumption (vehicle_id, driver_id, date, liters, cost, odometer_reading) VALUES (6, 6, '2022-09-01', 49.8, 1825.99, 37871);
INSERT INTO fuel_consumption (vehicle_id, driver_id, date, liters, cost, odometer_reading) VALUES (6, 6, '2022-10-01', 56.3, 1748.11, 38812);
INSERT INTO fuel_consumption (vehicle_id, driver_id, date, liters, cost, odometer_reading) VALUES (6, 6, '2022-11-01', 68.4, 2550.09, 39973);
INSERT INTO fuel_consumption (vehicle_id, driver_id, date, liters, cost, odometer_reading) VALUES (6, 6, '2022-12-01', 63.4, 2272.93, 41040);
INSERT INTO fuel_consumption (vehicle_id, driver_id, date, liters, cost, odometer_reading) VALUES (7, 6, '2022-01-01', 56.1, 2196.28, 31300);
INSERT INTO fuel_consumption (vehicle_id, driver_id, date, liters, cost, odometer_reading) VALUES (7, 6, '2022-02-01', 50.4, 1585.6, 32305);
INSERT INTO fuel_consumption (vehicle_id, driver_id, date, liters, cost, odometer_reading) VALUES (7, 6, '2022-03-01', 65.6, 2078.23, 33180);
INSERT INTO fuel_consumption (vehicle_id, driver_id, date, liters, cost, odometer_reading) VALUES (7, 6, '2022-04-01', 46.0, 1577.03, 34220);
INSERT INTO fuel_consumption (vehicle_id, driver_id, date, liters, cost, odometer_reading) VALUES (7, 6, '2022-05-01', 48.7, 1854.32, 35156);
INSERT INTO fuel_consumption (vehicle_id, driver_id, date, liters, cost, odometer_reading) VALUES (7, 6, '2022-06-01', 57.4, 1803.21, 36006);
INSERT INTO fuel_consumption (vehicle_id, driver_id, date, liters, cost, odometer_reading) VALUES (7, 6, '2022-07-01', 62.6, 2304.2, 36846);
INSERT INTO fuel_consumption (vehicle_id, driver_id, date, liters, cost, odometer_reading) VALUES (7, 6, '2022-08-01', 51.7, 1971.46, 37930);
INSERT INTO fuel_consumption (vehicle_id, driver_id, date, liters, cost, odometer_reading) VALUES (7, 6, '2022-09-01', 48.1, 1478.37, 38867);
INSERT INTO fuel_consumption (vehicle_id, driver_id, date, liters, cost, odometer_reading) VALUES (7, 6, '2022-10-01', 64.6, 2127.99, 39919);
INSERT INTO fuel_consumption (vehicle_id, driver_id, date, liters, cost, odometer_reading) VALUES (7, 6, '2022-11-01', 62.6, 1942.02, 40996);
INSERT INTO fuel_consumption (vehicle_id, driver_id, date, liters, cost, odometer_reading) VALUES (7, 6, '2022-12-01', 49.5, 1972.49, 42163);
INSERT INTO fuel_consumption (vehicle_id, driver_id, date, liters, cost, odometer_reading) VALUES (8, 6, '2022-01-01', 55.2, 2089.56, 32200);
INSERT INTO fuel_consumption (vehicle_id, driver_id, date, liters, cost, odometer_reading) VALUES (8, 6, '2022-02-01', 46.5, 1620.91, 33015);
INSERT INTO fuel_consumption (vehicle_id, driver_id, date, liters, cost, odometer_reading) VALUES (8, 6, '2022-03-01', 43.1, 1334.41, 33836);
INSERT INTO fuel_consumption (vehicle_id, driver_id, date, liters, cost, odometer_reading) VALUES (8, 6, '2022-04-01', 47.1, 1560.44, 34708);
INSERT INTO fuel_consumption (vehicle_id, driver_id, date, liters, cost, odometer_reading) VALUES (8, 6, '2022-05-01', 58.7, 2043.92, 35578);
INSERT INTO fuel_consumption (vehicle_id, driver_id, date, liters, cost, odometer_reading) VALUES (8, 6, '2022-06-01', 51.9, 2015.49, 36475);
INSERT INTO fuel_consumption (vehicle_id, driver_id, date, liters, cost, odometer_reading) VALUES (8, 6, '2022-07-01', 52.3, 1726.59, 37669);
INSERT INTO fuel_consumption (vehicle_id, driver_id, date, liters, cost, odometer_reading) VALUES (8, 6, '2022-08-01', 55.9, 1765.78, 38784);
INSERT INTO fuel_consumption (vehicle_id, driver_id, date, liters, cost, odometer_reading) VALUES (8, 6, '2022-09-01', 69.1, 2291.12, 39705);
INSERT INTO fuel_consumption (vehicle_id, driver_id, date, liters, cost, odometer_reading) VALUES (8, 6, '2022-10-01', 69.2, 2228.89, 40745);
INSERT INTO fuel_consumption (vehicle_id, driver_id, date, liters, cost, odometer_reading) VALUES (8, 6, '2022-11-01', 52.6, 1891.22, 41562);
INSERT INTO fuel_consumption (vehicle_id, driver_id, date, liters, cost, odometer_reading) VALUES (8, 6, '2022-12-01', 65.0, 2221.31, 42698);
INSERT INTO fuel_consumption (vehicle_id, driver_id, date, liters, cost, odometer_reading) VALUES (9, 6, '2022-01-01', 65.1, 2310.28, 33100);
INSERT INTO fuel_consumption (vehicle_id, driver_id, date, liters, cost, odometer_reading) VALUES (9, 6, '2022-02-01', 56.1, 1820.64, 34292);
INSERT INTO fuel_consumption (vehicle_id, driver_id, date, liters, cost, odometer_reading) VALUES (9, 6, '2022-03-01', 62.5, 2200.68, 35416);
INSERT INTO fuel_consumption (vehicle_id, driver_id, date, liters, cost, odometer_reading) VALUES (9, 6, '2022-04-01', 50.5, 1532.87, 36276);
INSERT INTO fuel_consumption (vehicle_id, driver_id, date, liters, cost, odometer_reading) VALUES (9, 6, '2022-05-01', 59.0, 2028.78, 37176);
INSERT INTO fuel_consumption (vehicle_id, driver_id, date, liters, cost, odometer_reading) VALUES (9, 6, '2022-06-01', 59.8, 1858.29, 38110);
INSERT INTO fuel_consumption (vehicle_id, driver_id, date, liters, cost, odometer_reading) VALUES (9, 6, '2022-07-01', 53.3, 1623.53, 39178);
INSERT INTO fuel_consumption (vehicle_id, driver_id, date, liters, cost, odometer_reading) VALUES (9, 6, '2022-08-01', 58.4, 1772.34, 40248);
INSERT INTO fuel_consumption (vehicle_id, driver_id, date, liters, cost, odometer_reading) VALUES (9, 6, '2022-09-01', 55.9, 1753.39, 41321);
INSERT INTO fuel_consumption (vehicle_id, driver_id, date, liters, cost, odometer_reading) VALUES (9, 6, '2022-10-01', 52.3, 1615.23, 42261);
INSERT INTO fuel_consumption (vehicle_id, driver_id, date, liters, cost, odometer_reading) VALUES (9, 6, '2022-11-01', 60.7, 1996.09, 43308);
INSERT INTO fuel_consumption (vehicle_id, driver_id, date, liters, cost, odometer_reading) VALUES (9, 6, '2022-12-01', 59.5, 1807.14, 44312);
INSERT INTO fuel_consumption (vehicle_id, driver_id, date, liters, cost, odometer_reading) VALUES (10, 6, '2022-01-01', 44.0, 1579.22, 34000);
INSERT INTO fuel_consumption (vehicle_id, driver_id, date, liters, cost, odometer_reading) VALUES (10, 6, '2022-02-01', 54.1, 1663.1, 35164);
INSERT INTO fuel_consumption (vehicle_id, driver_id, date, liters, cost, odometer_reading) VALUES (10, 6, '2022-03-01', 42.4, 1508.24, 36014);
INSERT INTO fuel_consumption (vehicle_id, driver_id, date, liters, cost, odometer_reading) VALUES (10, 6, '2022-04-01', 41.2, 1500.82, 36864);
INSERT INTO fuel_consumption (vehicle_id, driver_id, date, liters, cost, odometer_reading) VALUES (10, 6, '2022-05-01', 41.4, 1386.26, 38040);
INSERT INTO fuel_consumption (vehicle_id, driver_id, date, liters, cost, odometer_reading) VALUES (10, 6, '2022-06-01', 69.2, 2717.34, 39080);
INSERT INTO fuel_consumption (vehicle_id, driver_id, date, liters, cost, odometer_reading) VALUES (10, 6, '2022-07-01', 53.1, 1961.0, 40121);
INSERT INTO fuel_consumption (vehicle_id, driver_id, date, liters, cost, odometer_reading) VALUES (10, 6, '2022-08-01', 54.0, 1992.72, 41166);
INSERT INTO fuel_consumption (vehicle_id, driver_id, date, liters, cost, odometer_reading) VALUES (10, 6, '2022-09-01', 66.5, 2063.9, 42016);
INSERT INTO fuel_consumption (vehicle_id, driver_id, date, liters, cost, odometer_reading) VALUES (10, 6, '2022-10-01', 41.2, 1619.23, 43041);
INSERT INTO fuel_consumption (vehicle_id, driver_id, date, liters, cost, odometer_reading) VALUES (10, 6, '2022-11-01', 41.7, 1435.24, 44088);
INSERT INTO fuel_consumption (vehicle_id, driver_id, date, liters, cost, odometer_reading) VALUES (10, 6, '2022-12-01', 49.7, 1534.98, 44925);
INSERT INTO fuel_consumption (vehicle_id, driver_id, date, liters, cost, odometer_reading) VALUES (11, 8, '2022-01-01', 52.0, 1776.98, 34900);
INSERT INTO fuel_consumption (vehicle_id, driver_id, date, liters, cost, odometer_reading) VALUES (11, 8, '2022-02-01', 56.8, 1787.72, 36079);
INSERT INTO fuel_consumption (vehicle_id, driver_id, date, liters, cost, odometer_reading) VALUES (11, 8, '2022-03-01', 52.4, 1794.93, 36885);
INSERT INTO fuel_consumption (vehicle_id, driver_id, date, liters, cost, odometer_reading) VALUES (11, 8, '2022-04-01', 43.7, 1333.24, 37994);
INSERT INTO fuel_consumption (vehicle_id, driver_id, date, liters, cost, odometer_reading) VALUES (11, 8, '2022-05-01', 48.7, 1627.6, 39164);
INSERT INTO fuel_consumption (vehicle_id, driver_id, date, liters, cost, odometer_reading) VALUES (11, 8, '2022-06-01', 64.0, 1967.71, 40199);
INSERT INTO fuel_consumption (vehicle_id, driver_id, date, liters, cost, odometer_reading) VALUES (11, 8, '2022-07-01', 64.2, 2142.8, 41194);
INSERT INTO fuel_consumption (vehicle_id, driver_id, date, liters, cost, odometer_reading) VALUES (11, 8, '2022-08-01', 68.4, 2683.88, 42110);
INSERT INTO fuel_consumption (vehicle_id, driver_id, date, liters, cost, odometer_reading) VALUES (11, 8, '2022-09-01', 56.5, 1759.82, 42956);
INSERT INTO fuel_consumption (vehicle_id, driver_id, date, liters, cost, odometer_reading) VALUES (11, 8, '2022-10-01', 69.6, 2683.75, 44045);
INSERT INTO fuel_consumption (vehicle_id, driver_id, date, liters, cost, odometer_reading) VALUES (11, 8, '2022-11-01', 61.0, 1899.93, 45146);
INSERT INTO fuel_consumption (vehicle_id, driver_id, date, liters, cost, odometer_reading) VALUES (11, 8, '2022-12-01', 67.3, 2541.09, 46150);
INSERT INTO fuel_consumption (vehicle_id, driver_id, date, liters, cost, odometer_reading) VALUES (12, 8, '2022-01-01', 49.6, 1510.41, 35800);
INSERT INTO fuel_consumption (vehicle_id, driver_id, date, liters, cost, odometer_reading) VALUES (12, 8, '2022-02-01', 45.3, 1523.74, 36799);
INSERT INTO fuel_consumption (vehicle_id, driver_id, date, liters, cost, odometer_reading) VALUES (12, 8, '2022-03-01', 59.3, 1948.59, 37717);
INSERT INTO fuel_consumption (vehicle_id, driver_id, date, liters, cost, odometer_reading) VALUES (12, 8, '2022-04-01', 42.2, 1529.66, 38604);
INSERT INTO fuel_consumption (vehicle_id, driver_id, date, liters, cost, odometer_reading) VALUES (12, 8, '2022-05-01', 68.9, 2384.34, 39657);
INSERT INTO fuel_consumption (vehicle_id, driver_id, date, liters, cost, odometer_reading) VALUES (12, 8, '2022-06-01', 45.0, 1612.58, 40704);
INSERT INTO fuel_consumption (vehicle_id, driver_id, date, liters, cost, odometer_reading) VALUES (12, 8, '2022-07-01', 43.1, 1333.06, 41761);
INSERT INTO fuel_consumption (vehicle_id, driver_id, date, liters, cost, odometer_reading) VALUES (12, 8, '2022-08-01', 59.8, 2243.01, 42920);
INSERT INTO fuel_consumption (vehicle_id, driver_id, date, liters, cost, odometer_reading) VALUES (12, 8, '2022-09-01', 41.2, 1566.66, 43741);
INSERT INTO fuel_consumption (vehicle_id, driver_id, date, liters, cost, odometer_reading) VALUES (12, 8, '2022-10-01', 66.2, 2610.87, 44794);
INSERT INTO fuel_consumption (vehicle_id, driver_id, date, liters, cost, odometer_reading) VALUES (12, 8, '2022-11-01', 50.4, 1687.21, 45729);
INSERT INTO fuel_consumption (vehicle_id, driver_id, date, liters, cost, odometer_reading) VALUES (12, 8, '2022-12-01', 59.7, 1824.13, 46723);
INSERT INTO fuel_consumption (vehicle_id, driver_id, date, liters, cost, odometer_reading) VALUES (13, 8, '2022-01-01', 44.2, 1565.26, 36700);
INSERT INTO fuel_consumption (vehicle_id, driver_id, date, liters, cost, odometer_reading) VALUES (13, 8, '2022-02-01', 62.9, 2230.28, 37817);
INSERT INTO fuel_consumption (vehicle_id, driver_id, date, liters, cost, odometer_reading) VALUES (13, 8, '2022-03-01', 59.2, 2344.42, 38818);
INSERT INTO fuel_consumption (vehicle_id, driver_id, date, liters, cost, odometer_reading) VALUES (13, 8, '2022-04-01', 60.2, 2356.49, 40001);
INSERT INTO fuel_consumption (vehicle_id, driver_id, date, liters, cost, odometer_reading) VALUES (13, 8, '2022-05-01', 68.4, 2715.02, 41011);
INSERT INTO fuel_consumption (vehicle_id, driver_id, date, liters, cost, odometer_reading) VALUES (13, 8, '2022-06-01', 61.0, 2116.1, 42184);
INSERT INTO fuel_consumption (vehicle_id, driver_id, date, liters, cost, odometer_reading) VALUES (13, 8, '2022-07-01', 50.7, 1927.85, 43155);
INSERT INTO fuel_consumption (vehicle_id, driver_id, date, liters, cost, odometer_reading) VALUES (13, 8, '2022-08-01', 68.7, 2593.05, 43966);
INSERT INTO fuel_consumption (vehicle_id, driver_id, date, liters, cost, odometer_reading) VALUES (13, 8, '2022-09-01', 46.5, 1828.97, 45121);
INSERT INTO fuel_consumption (vehicle_id, driver_id, date, liters, cost, odometer_reading) VALUES (13, 8, '2022-10-01', 66.5, 2417.67, 46282);
INSERT INTO fuel_consumption (vehicle_id, driver_id, date, liters, cost, odometer_reading) VALUES (13, 8, '2022-11-01', 68.0, 2047.4, 47417);
INSERT INTO fuel_consumption (vehicle_id, driver_id, date, liters, cost, odometer_reading) VALUES (13, 8, '2022-12-01', 56.5, 1945.82, 48283);
INSERT INTO fuel_consumption (vehicle_id, driver_id, date, liters, cost, odometer_reading) VALUES (14, 8, '2022-01-01', 60.2, 1977.96, 37600);
INSERT INTO fuel_consumption (vehicle_id, driver_id, date, liters, cost, odometer_reading) VALUES (14, 8, '2022-02-01', 54.5, 1909.73, 38648);
INSERT INTO fuel_consumption (vehicle_id, driver_id, date, liters, cost, odometer_reading) VALUES (14, 8, '2022-03-01', 41.2, 1465.65, 39625);
INSERT INTO fuel_consumption (vehicle_id, driver_id, date, liters, cost, odometer_reading) VALUES (14, 8, '2022-04-01', 44.4, 1460.81, 40518);
INSERT INTO fuel_consumption (vehicle_id, driver_id, date, liters, cost, odometer_reading) VALUES (14, 8, '2022-05-01', 59.3, 1788.48, 41338);
INSERT INTO fuel_consumption (vehicle_id, driver_id, date, liters, cost, odometer_reading) VALUES (14, 8, '2022-06-01', 55.5, 1903.75, 42246);
INSERT INTO fuel_consumption (vehicle_id, driver_id, date, liters, cost, odometer_reading) VALUES (14, 8, '2022-07-01', 63.9, 2539.83, 43183);
INSERT INTO fuel_consumption (vehicle_id, driver_id, date, liters, cost, odometer_reading) VALUES (14, 8, '2022-08-01', 68.1, 2117.54, 44104);
INSERT INTO fuel_consumption (vehicle_id, driver_id, date, liters, cost, odometer_reading) VALUES (14, 8, '2022-09-01', 53.7, 2049.15, 45057);
INSERT INTO fuel_consumption (vehicle_id, driver_id, date, liters, cost, odometer_reading) VALUES (14, 8, '2022-10-01', 41.1, 1274.04, 45981);
INSERT INTO fuel_consumption (vehicle_id, driver_id, date, liters, cost, odometer_reading) VALUES (14, 8, '2022-11-01', 41.5, 1570.96, 46946);
INSERT INTO fuel_consumption (vehicle_id, driver_id, date, liters, cost, odometer_reading) VALUES (14, 8, '2022-12-01', 40.4, 1307.86, 48037);
INSERT INTO fuel_consumption (vehicle_id, driver_id, date, liters, cost, odometer_reading) VALUES (15, 8, '2022-01-01', 42.2, 1592.54, 38500);
INSERT INTO fuel_consumption (vehicle_id, driver_id, date, liters, cost, odometer_reading) VALUES (15, 8, '2022-02-01', 49.7, 1880.74, 39670);
INSERT INTO fuel_consumption (vehicle_id, driver_id, date, liters, cost, odometer_reading) VALUES (15, 8, '2022-03-01', 47.4, 1517.07, 40660);
INSERT INTO fuel_consumption (vehicle_id, driver_id, date, liters, cost, odometer_reading) VALUES (15, 8, '2022-04-01', 60.7, 2336.84, 41573);
INSERT INTO fuel_consumption (vehicle_id, driver_id, date, liters, cost, odometer_reading) VALUES (15, 8, '2022-05-01', 60.5, 2389.18, 42723);
INSERT INTO fuel_consumption (vehicle_id, driver_id, date, liters, cost, odometer_reading) VALUES (15, 8, '2022-06-01', 69.5, 2498.33, 43672);
INSERT INTO fuel_consumption (vehicle_id, driver_id, date, liters, cost, odometer_reading) VALUES (15, 8, '2022-07-01', 66.7, 2554.96, 44535);
INSERT INTO fuel_consumption (vehicle_id, driver_id, date, liters, cost, odometer_reading) VALUES (15, 8, '2022-08-01', 56.4, 1718.76, 45460);
INSERT INTO fuel_consumption (vehicle_id, driver_id, date, liters, cost, odometer_reading) VALUES (15, 8, '2022-09-01', 41.3, 1497.45, 46320);
INSERT INTO fuel_consumption (vehicle_id, driver_id, date, liters, cost, odometer_reading) VALUES (15, 8, '2022-10-01', 52.8, 2057.29, 47214);
INSERT INTO fuel_consumption (vehicle_id, driver_id, date, liters, cost, odometer_reading) VALUES (15, 8, '2022-11-01', 50.5, 1656.1, 48030);
INSERT INTO fuel_consumption (vehicle_id, driver_id, date, liters, cost, odometer_reading) VALUES (15, 8, '2022-12-01', 62.7, 2321.72, 48974);
INSERT INTO vehicle_usage (vehicle_id, driver_id, start_date, end_date, start_odometer, end_odometer, purpose, is_verified) VALUES (1, 3, '2022-01-01', '2022-01-28', 25900, 26706, 'Yıllık kullanım', TRUE);
INSERT INTO vehicle_usage (vehicle_id, driver_id, start_date, end_date, start_odometer, end_odometer, purpose, is_verified) VALUES (1, 3, '2022-02-01', '2022-02-28', 26706, 27727, 'Yıllık kullanım', TRUE);
INSERT INTO vehicle_usage (vehicle_id, driver_id, start_date, end_date, start_odometer, end_odometer, purpose, is_verified) VALUES (1, 3, '2022-03-01', '2022-03-28', 27727, 28689, 'Yıllık kullanım', TRUE);
INSERT INTO vehicle_usage (vehicle_id, driver_id, start_date, end_date, start_odometer, end_odometer, purpose, is_verified) VALUES (1, 3, '2022-04-01', '2022-04-28', 28689, 29742, 'Yıllık kullanım', TRUE);
INSERT INTO vehicle_usage (vehicle_id, driver_id, start_date, end_date, start_odometer, end_odometer, purpose, is_verified) VALUES (1, 3, '2022-05-01', '2022-05-28', 29742, 30563, 'Yıllık kullanım', TRUE);
INSERT INTO vehicle_usage (vehicle_id, driver_id, start_date, end_date, start_odometer, end_odometer, purpose, is_verified) VALUES (1, 3, '2022-06-01', '2022-06-28', 30563, 31702, 'Yıllık kullanım', TRUE);
INSERT INTO vehicle_usage (vehicle_id, driver_id, start_date, end_date, start_odometer, end_odometer, purpose, is_verified) VALUES (1, 3, '2022-07-01', '2022-07-28', 31702, 32878, 'Yıllık kullanım', TRUE);
INSERT INTO vehicle_usage (vehicle_id, driver_id, start_date, end_date, start_odometer, end_odometer, purpose, is_verified) VALUES (1, 3, '2022-08-01', '2022-08-28', 32878, 33803, 'Yıllık kullanım', TRUE);
INSERT INTO vehicle_usage (vehicle_id, driver_id, start_date, end_date, start_odometer, end_odometer, purpose, is_verified) VALUES (1, 3, '2022-09-01', '2022-09-28', 33803, 34793, 'Yıllık kullanım', TRUE);
INSERT INTO vehicle_usage (vehicle_id, driver_id, start_date, end_date, start_odometer, end_odometer, purpose, is_verified) VALUES (1, 3, '2022-10-01', '2022-10-28', 34793, 35739, 'Yıllık kullanım', TRUE);
INSERT INTO vehicle_usage (vehicle_id, driver_id, start_date, end_date, start_odometer, end_odometer, purpose, is_verified) VALUES (1, 3, '2022-11-01', '2022-11-28', 35739, 36626, 'Yıllık kullanım', TRUE);
INSERT INTO vehicle_usage (vehicle_id, driver_id, start_date, end_date, start_odometer, end_odometer, purpose, is_verified) VALUES (1, 3, '2022-12-01', '2022-12-28', 36626, 37612, 'Yıllık kullanım', TRUE);
INSERT INTO vehicle_usage (vehicle_id, driver_id, start_date, end_date, start_odometer, end_odometer, purpose, is_verified) VALUES (2, 3, '2022-01-01', '2022-01-28', 26800, 27969, 'Yıllık kullanım', TRUE);
INSERT INTO vehicle_usage (vehicle_id, driver_id, start_date, end_date, start_odometer, end_odometer, purpose, is_verified) VALUES (2, 3, '2022-02-01', '2022-02-28', 27969, 29152, 'Yıllık kullanım', TRUE);
INSERT INTO vehicle_usage (vehicle_id, driver_id, start_date, end_date, start_odometer, end_odometer, purpose, is_verified) VALUES (2, 3, '2022-03-01', '2022-03-28', 29152, 29997, 'Yıllık kullanım', TRUE);
INSERT INTO vehicle_usage (vehicle_id, driver_id, start_date, end_date, start_odometer, end_odometer, purpose, is_verified) VALUES (2, 3, '2022-04-01', '2022-04-28', 29997, 30951, 'Yıllık kullanım', TRUE);
INSERT INTO vehicle_usage (vehicle_id, driver_id, start_date, end_date, start_odometer, end_odometer, purpose, is_verified) VALUES (2, 3, '2022-05-01', '2022-05-28', 30951, 32029, 'Yıllık kullanım', TRUE);
INSERT INTO vehicle_usage (vehicle_id, driver_id, start_date, end_date, start_odometer, end_odometer, purpose, is_verified) VALUES (2, 3, '2022-06-01', '2022-06-28', 32029, 33138, 'Yıllık kullanım', TRUE);
INSERT INTO vehicle_usage (vehicle_id, driver_id, start_date, end_date, start_odometer, end_odometer, purpose, is_verified) VALUES (2, 3, '2022-07-01', '2022-07-28', 33138, 34187, 'Yıllık kullanım', TRUE);
INSERT INTO vehicle_usage (vehicle_id, driver_id, start_date, end_date, start_odometer, end_odometer, purpose, is_verified) VALUES (2, 3, '2022-08-01', '2022-08-28', 34187, 35260, 'Yıllık kullanım', TRUE);
INSERT INTO vehicle_usage (vehicle_id, driver_id, start_date, end_date, start_odometer, end_odometer, purpose, is_verified) VALUES (2, 3, '2022-09-01', '2022-09-28', 35260, 36096, 'Yıllık kullanım', TRUE);
INSERT INTO vehicle_usage (vehicle_id, driver_id, start_date, end_date, start_odometer, end_odometer, purpose, is_verified) VALUES (2, 3, '2022-10-01', '2022-10-28', 36096, 37018, 'Yıllık kullanım', TRUE);
INSERT INTO vehicle_usage (vehicle_id, driver_id, start_date, end_date, start_odometer, end_odometer, purpose, is_verified) VALUES (2, 3, '2022-11-01', '2022-11-28', 37018, 37825, 'Yıllık kullanım', TRUE);
INSERT INTO vehicle_usage (vehicle_id, driver_id, start_date, end_date, start_odometer, end_odometer, purpose, is_verified) VALUES (2, 3, '2022-12-01', '2022-12-28', 37825, 38925, 'Yıllık kullanım', TRUE);
INSERT INTO vehicle_usage (vehicle_id, driver_id, start_date, end_date, start_odometer, end_odometer, purpose, is_verified) VALUES (3, 3, '2022-01-01', '2022-01-28', 27700, 28827, 'Yıllık kullanım', TRUE);
INSERT INTO vehicle_usage (vehicle_id, driver_id, start_date, end_date, start_odometer, end_odometer, purpose, is_verified) VALUES (3, 3, '2022-02-01', '2022-02-28', 28827, 29963, 'Yıllık kullanım', TRUE);
INSERT INTO vehicle_usage (vehicle_id, driver_id, start_date, end_date, start_odometer, end_odometer, purpose, is_verified) VALUES (3, 3, '2022-03-01', '2022-03-28', 29963, 31006, 'Yıllık kullanım', TRUE);
INSERT INTO vehicle_usage (vehicle_id, driver_id, start_date, end_date, start_odometer, end_odometer, purpose, is_verified) VALUES (3, 3, '2022-04-01', '2022-04-28', 31006, 31896, 'Yıllık kullanım', TRUE);
INSERT INTO vehicle_usage (vehicle_id, driver_id, start_date, end_date, start_odometer, end_odometer, purpose, is_verified) VALUES (3, 3, '2022-05-01', '2022-05-28', 31896, 33071, 'Yıllık kullanım', TRUE);
INSERT INTO vehicle_usage (vehicle_id, driver_id, start_date, end_date, start_odometer, end_odometer, purpose, is_verified) VALUES (3, 3, '2022-06-01', '2022-06-28', 33071, 33965, 'Yıllık kullanım', TRUE);
INSERT INTO vehicle_usage (vehicle_id, driver_id, start_date, end_date, start_odometer, end_odometer, purpose, is_verified) VALUES (3, 3, '2022-07-01', '2022-07-28', 33965, 34892, 'Yıllık kullanım', TRUE);
INSERT INTO vehicle_usage (vehicle_id, driver_id, start_date, end_date, start_odometer, end_odometer, purpose, is_verified) VALUES (3, 3, '2022-08-01', '2022-08-28', 34892, 35841, 'Yıllık kullanım', TRUE);
INSERT INTO vehicle_usage (vehicle_id, driver_id, start_date, end_date, start_odometer, end_odometer, purpose, is_verified) VALUES (3, 3, '2022-09-01', '2022-09-28', 35841, 36784, 'Yıllık kullanım', TRUE);
INSERT INTO vehicle_usage (vehicle_id, driver_id, start_date, end_date, start_odometer, end_odometer, purpose, is_verified) VALUES (3, 3, '2022-10-01', '2022-10-28', 36784, 37636, 'Yıllık kullanım', TRUE);
INSERT INTO vehicle_usage (vehicle_id, driver_id, start_date, end_date, start_odometer, end_odometer, purpose, is_verified) VALUES (3, 3, '2022-11-01', '2022-11-28', 37636, 38780, 'Yıllık kullanım', TRUE);
INSERT INTO vehicle_usage (vehicle_id, driver_id, start_date, end_date, start_odometer, end_odometer, purpose, is_verified) VALUES (3, 3, '2022-12-01', '2022-12-28', 38780, 39845, 'Yıllık kullanım', TRUE);
INSERT INTO vehicle_usage (vehicle_id, driver_id, start_date, end_date, start_odometer, end_odometer, purpose, is_verified) VALUES (4, 3, '2022-01-01', '2022-01-28', 28600, 29496, 'Yıllık kullanım', TRUE);
INSERT INTO vehicle_usage (vehicle_id, driver_id, start_date, end_date, start_odometer, end_odometer, purpose, is_verified) VALUES (4, 3, '2022-02-01', '2022-02-28', 29496, 30529, 'Yıllık kullanım', TRUE);
INSERT INTO vehicle_usage (vehicle_id, driver_id, start_date, end_date, start_odometer, end_odometer, purpose, is_verified) VALUES (4, 3, '2022-03-01', '2022-03-28', 30529, 31562, 'Yıllık kullanım', TRUE);
INSERT INTO vehicle_usage (vehicle_id, driver_id, start_date, end_date, start_odometer, end_odometer, purpose, is_verified) VALUES (4, 3, '2022-04-01', '2022-04-28', 31562, 32445, 'Yıllık kullanım', TRUE);
INSERT INTO vehicle_usage (vehicle_id, driver_id, start_date, end_date, start_odometer, end_odometer, purpose, is_verified) VALUES (4, 3, '2022-05-01', '2022-05-28', 32445, 33443, 'Yıllık kullanım', TRUE);
INSERT INTO vehicle_usage (vehicle_id, driver_id, start_date, end_date, start_odometer, end_odometer, purpose, is_verified) VALUES (4, 3, '2022-06-01', '2022-06-28', 33443, 34439, 'Yıllık kullanım', TRUE);
INSERT INTO vehicle_usage (vehicle_id, driver_id, start_date, end_date, start_odometer, end_odometer, purpose, is_verified) VALUES (4, 3, '2022-07-01', '2022-07-28', 34439, 35396, 'Yıllık kullanım', TRUE);
INSERT INTO vehicle_usage (vehicle_id, driver_id, start_date, end_date, start_odometer, end_odometer, purpose, is_verified) VALUES (4, 3, '2022-08-01', '2022-08-28', 35396, 36545, 'Yıllık kullanım', TRUE);
INSERT INTO vehicle_usage (vehicle_id, driver_id, start_date, end_date, start_odometer, end_odometer, purpose, is_verified) VALUES (4, 3, '2022-09-01', '2022-09-28', 36545, 37397, 'Yıllık kullanım', TRUE);
INSERT INTO vehicle_usage (vehicle_id, driver_id, start_date, end_date, start_odometer, end_odometer, purpose, is_verified) VALUES (4, 3, '2022-10-01', '2022-10-28', 37397, 38313, 'Yıllık kullanım', TRUE);
INSERT INTO vehicle_usage (vehicle_id, driver_id, start_date, end_date, start_odometer, end_odometer, purpose, is_verified) VALUES (4, 3, '2022-11-01', '2022-11-28', 38313, 39149, 'Yıllık kullanım', TRUE);
INSERT INTO vehicle_usage (vehicle_id, driver_id, start_date, end_date, start_odometer, end_odometer, purpose, is_verified) VALUES (4, 3, '2022-12-01', '2022-12-28', 39149, 40118, 'Yıllık kullanım', TRUE);
INSERT INTO vehicle_usage (vehicle_id, driver_id, start_date, end_date, start_odometer, end_odometer, purpose, is_verified) VALUES (5, 3, '2022-01-01', '2022-01-28', 29500, 30405, 'Yıllık kullanım', TRUE);
INSERT INTO vehicle_usage (vehicle_id, driver_id, start_date, end_date, start_odometer, end_odometer, purpose, is_verified) VALUES (5, 3, '2022-02-01', '2022-02-28', 30405, 31535, 'Yıllık kullanım', TRUE);
INSERT INTO vehicle_usage (vehicle_id, driver_id, start_date, end_date, start_odometer, end_odometer, purpose, is_verified) VALUES (5, 3, '2022-03-01', '2022-03-28', 31535, 32381, 'Yıllık kullanım', TRUE);
INSERT INTO vehicle_usage (vehicle_id, driver_id, start_date, end_date, start_odometer, end_odometer, purpose, is_verified) VALUES (5, 3, '2022-04-01', '2022-04-28', 32381, 33313, 'Yıllık kullanım', TRUE);
INSERT INTO vehicle_usage (vehicle_id, driver_id, start_date, end_date, start_odometer, end_odometer, purpose, is_verified) VALUES (5, 3, '2022-05-01', '2022-05-28', 33313, 34168, 'Yıllık kullanım', TRUE);
INSERT INTO vehicle_usage (vehicle_id, driver_id, start_date, end_date, start_odometer, end_odometer, purpose, is_verified) VALUES (5, 3, '2022-06-01', '2022-06-28', 34168, 35055, 'Yıllık kullanım', TRUE);
INSERT INTO vehicle_usage (vehicle_id, driver_id, start_date, end_date, start_odometer, end_odometer, purpose, is_verified) VALUES (5, 3, '2022-07-01', '2022-07-28', 35055, 36226, 'Yıllık kullanım', TRUE);
INSERT INTO vehicle_usage (vehicle_id, driver_id, start_date, end_date, start_odometer, end_odometer, purpose, is_verified) VALUES (5, 3, '2022-08-01', '2022-08-28', 36226, 37215, 'Yıllık kullanım', TRUE);
INSERT INTO vehicle_usage (vehicle_id, driver_id, start_date, end_date, start_odometer, end_odometer, purpose, is_verified) VALUES (5, 3, '2022-09-01', '2022-09-28', 37215, 38037, 'Yıllık kullanım', TRUE);
INSERT INTO vehicle_usage (vehicle_id, driver_id, start_date, end_date, start_odometer, end_odometer, purpose, is_verified) VALUES (5, 3, '2022-10-01', '2022-10-28', 38037, 38898, 'Yıllık kullanım', TRUE);
INSERT INTO vehicle_usage (vehicle_id, driver_id, start_date, end_date, start_odometer, end_odometer, purpose, is_verified) VALUES (5, 3, '2022-11-01', '2022-11-28', 38898, 39722, 'Yıllık kullanım', TRUE);
INSERT INTO vehicle_usage (vehicle_id, driver_id, start_date, end_date, start_odometer, end_odometer, purpose, is_verified) VALUES (5, 3, '2022-12-01', '2022-12-28', 39722, 40582, 'Yıllık kullanım', TRUE);
INSERT INTO vehicle_usage (vehicle_id, driver_id, start_date, end_date, start_odometer, end_odometer, purpose, is_verified) VALUES (6, 6, '2022-01-01', '2022-01-28', 30400, 31323, 'Yıllık kullanım', TRUE);
INSERT INTO vehicle_usage (vehicle_id, driver_id, start_date, end_date, start_odometer, end_odometer, purpose, is_verified) VALUES (6, 6, '2022-02-01', '2022-02-28', 31323, 32187, 'Yıllık kullanım', TRUE);
INSERT INTO vehicle_usage (vehicle_id, driver_id, start_date, end_date, start_odometer, end_odometer, purpose, is_verified) VALUES (6, 6, '2022-03-01', '2022-03-28', 32187, 33089, 'Yıllık kullanım', TRUE);
INSERT INTO vehicle_usage (vehicle_id, driver_id, start_date, end_date, start_odometer, end_odometer, purpose, is_verified) VALUES (6, 6, '2022-04-01', '2022-04-28', 33089, 34121, 'Yıllık kullanım', TRUE);
INSERT INTO vehicle_usage (vehicle_id, driver_id, start_date, end_date, start_odometer, end_odometer, purpose, is_verified) VALUES (6, 6, '2022-05-01', '2022-05-28', 34121, 35016, 'Yıllık kullanım', TRUE);
INSERT INTO vehicle_usage (vehicle_id, driver_id, start_date, end_date, start_odometer, end_odometer, purpose, is_verified) VALUES (6, 6, '2022-06-01', '2022-06-28', 35016, 36042, 'Yıllık kullanım', TRUE);
INSERT INTO vehicle_usage (vehicle_id, driver_id, start_date, end_date, start_odometer, end_odometer, purpose, is_verified) VALUES (6, 6, '2022-07-01', '2022-07-28', 36042, 37042, 'Yıllık kullanım', TRUE);
INSERT INTO vehicle_usage (vehicle_id, driver_id, start_date, end_date, start_odometer, end_odometer, purpose, is_verified) VALUES (6, 6, '2022-08-01', '2022-08-28', 37042, 37871, 'Yıllık kullanım', TRUE);
INSERT INTO vehicle_usage (vehicle_id, driver_id, start_date, end_date, start_odometer, end_odometer, purpose, is_verified) VALUES (6, 6, '2022-09-01', '2022-09-28', 37871, 38812, 'Yıllık kullanım', TRUE);
INSERT INTO vehicle_usage (vehicle_id, driver_id, start_date, end_date, start_odometer, end_odometer, purpose, is_verified) VALUES (6, 6, '2022-10-01', '2022-10-28', 38812, 39973, 'Yıllık kullanım', TRUE);
INSERT INTO vehicle_usage (vehicle_id, driver_id, start_date, end_date, start_odometer, end_odometer, purpose, is_verified) VALUES (6, 6, '2022-11-01', '2022-11-28', 39973, 41040, 'Yıllık kullanım', TRUE);
INSERT INTO vehicle_usage (vehicle_id, driver_id, start_date, end_date, start_odometer, end_odometer, purpose, is_verified) VALUES (6, 6, '2022-12-01', '2022-12-28', 41040, 42083, 'Yıllık kullanım', TRUE);
INSERT INTO vehicle_usage (vehicle_id, driver_id, start_date, end_date, start_odometer, end_odometer, purpose, is_verified) VALUES (7, 6, '2022-01-01', '2022-01-28', 31300, 32305, 'Yıllık kullanım', TRUE);
INSERT INTO vehicle_usage (vehicle_id, driver_id, start_date, end_date, start_odometer, end_odometer, purpose, is_verified) VALUES (7, 6, '2022-02-01', '2022-02-28', 32305, 33180, 'Yıllık kullanım', TRUE);
INSERT INTO vehicle_usage (vehicle_id, driver_id, start_date, end_date, start_odometer, end_odometer, purpose, is_verified) VALUES (7, 6, '2022-03-01', '2022-03-28', 33180, 34220, 'Yıllık kullanım', TRUE);
INSERT INTO vehicle_usage (vehicle_id, driver_id, start_date, end_date, start_odometer, end_odometer, purpose, is_verified) VALUES (7, 6, '2022-04-01', '2022-04-28', 34220, 35156, 'Yıllık kullanım', TRUE);
INSERT INTO vehicle_usage (vehicle_id, driver_id, start_date, end_date, start_odometer, end_odometer, purpose, is_verified) VALUES (7, 6, '2022-05-01', '2022-05-28', 35156, 36006, 'Yıllık kullanım', TRUE);
INSERT INTO vehicle_usage (vehicle_id, driver_id, start_date, end_date, start_odometer, end_odometer, purpose, is_verified) VALUES (7, 6, '2022-06-01', '2022-06-28', 36006, 36846, 'Yıllık kullanım', TRUE);
INSERT INTO vehicle_usage (vehicle_id, driver_id, start_date, end_date, start_odometer, end_odometer, purpose, is_verified) VALUES (7, 6, '2022-07-01', '2022-07-28', 36846, 37930, 'Yıllık kullanım', TRUE);
INSERT INTO vehicle_usage (vehicle_id, driver_id, start_date, end_date, start_odometer, end_odometer, purpose, is_verified) VALUES (7, 6, '2022-08-01', '2022-08-28', 37930, 38867, 'Yıllık kullanım', TRUE);
INSERT INTO vehicle_usage (vehicle_id, driver_id, start_date, end_date, start_odometer, end_odometer, purpose, is_verified) VALUES (7, 6, '2022-09-01', '2022-09-28', 38867, 39919, 'Yıllık kullanım', TRUE);
INSERT INTO vehicle_usage (vehicle_id, driver_id, start_date, end_date, start_odometer, end_odometer, purpose, is_verified) VALUES (7, 6, '2022-10-01', '2022-10-28', 39919, 40996, 'Yıllık kullanım', TRUE);
INSERT INTO vehicle_usage (vehicle_id, driver_id, start_date, end_date, start_odometer, end_odometer, purpose, is_verified) VALUES (7, 6, '2022-11-01', '2022-11-28', 40996, 42163, 'Yıllık kullanım', TRUE);
INSERT INTO vehicle_usage (vehicle_id, driver_id, start_date, end_date, start_odometer, end_odometer, purpose, is_verified) VALUES (7, 6, '2022-12-01', '2022-12-28', 42163, 43336, 'Yıllık kullanım', TRUE);
INSERT INTO vehicle_usage (vehicle_id, driver_id, start_date, end_date, start_odometer, end_odometer, purpose, is_verified) VALUES (8, 6, '2022-01-01', '2022-01-28', 32200, 33015, 'Yıllık kullanım', TRUE);
INSERT INTO vehicle_usage (vehicle_id, driver_id, start_date, end_date, start_odometer, end_odometer, purpose, is_verified) VALUES (8, 6, '2022-02-01', '2022-02-28', 33015, 33836, 'Yıllık kullanım', TRUE);
INSERT INTO vehicle_usage (vehicle_id, driver_id, start_date, end_date, start_odometer, end_odometer, purpose, is_verified) VALUES (8, 6, '2022-03-01', '2022-03-28', 33836, 34708, 'Yıllık kullanım', TRUE);
INSERT INTO vehicle_usage (vehicle_id, driver_id, start_date, end_date, start_odometer, end_odometer, purpose, is_verified) VALUES (8, 6, '2022-04-01', '2022-04-28', 34708, 35578, 'Yıllık kullanım', TRUE);
INSERT INTO vehicle_usage (vehicle_id, driver_id, start_date, end_date, start_odometer, end_odometer, purpose, is_verified) VALUES (8, 6, '2022-05-01', '2022-05-28', 35578, 36475, 'Yıllık kullanım', TRUE);
INSERT INTO vehicle_usage (vehicle_id, driver_id, start_date, end_date, start_odometer, end_odometer, purpose, is_verified) VALUES (8, 6, '2022-06-01', '2022-06-28', 36475, 37669, 'Yıllık kullanım', TRUE);
INSERT INTO vehicle_usage (vehicle_id, driver_id, start_date, end_date, start_odometer, end_odometer, purpose, is_verified) VALUES (8, 6, '2022-07-01', '2022-07-28', 37669, 38784, 'Yıllık kullanım', TRUE);
INSERT INTO vehicle_usage (vehicle_id, driver_id, start_date, end_date, start_odometer, end_odometer, purpose, is_verified) VALUES (8, 6, '2022-08-01', '2022-08-28', 38784, 39705, 'Yıllık kullanım', TRUE);
INSERT INTO vehicle_usage (vehicle_id, driver_id, start_date, end_date, start_odometer, end_odometer, purpose, is_verified) VALUES (8, 6, '2022-09-01', '2022-09-28', 39705, 40745, 'Yıllık kullanım', TRUE);
INSERT INTO vehicle_usage (vehicle_id, driver_id, start_date, end_date, start_odometer, end_odometer, purpose, is_verified) VALUES (8, 6, '2022-10-01', '2022-10-28', 40745, 41562, 'Yıllık kullanım', TRUE);
INSERT INTO vehicle_usage (vehicle_id, driver_id, start_date, end_date, start_odometer, end_odometer, purpose, is_verified) VALUES (8, 6, '2022-11-01', '2022-11-28', 41562, 42698, 'Yıllık kullanım', TRUE);
INSERT INTO vehicle_usage (vehicle_id, driver_id, start_date, end_date, start_odometer, end_odometer, purpose, is_verified) VALUES (8, 6, '2022-12-01', '2022-12-28', 42698, 43543, 'Yıllık kullanım', TRUE);
INSERT INTO vehicle_usage (vehicle_id, driver_id, start_date, end_date, start_odometer, end_odometer, purpose, is_verified) VALUES (9, 6, '2022-01-01', '2022-01-28', 33100, 34292, 'Yıllık kullanım', TRUE);
INSERT INTO vehicle_usage (vehicle_id, driver_id, start_date, end_date, start_odometer, end_odometer, purpose, is_verified) VALUES (9, 6, '2022-02-01', '2022-02-28', 34292, 35416, 'Yıllık kullanım', TRUE);
INSERT INTO vehicle_usage (vehicle_id, driver_id, start_date, end_date, start_odometer, end_odometer, purpose, is_verified) VALUES (9, 6, '2022-03-01', '2022-03-28', 35416, 36276, 'Yıllık kullanım', TRUE);
INSERT INTO vehicle_usage (vehicle_id, driver_id, start_date, end_date, start_odometer, end_odometer, purpose, is_verified) VALUES (9, 6, '2022-04-01', '2022-04-28', 36276, 37176, 'Yıllık kullanım', TRUE);
INSERT INTO vehicle_usage (vehicle_id, driver_id, start_date, end_date, start_odometer, end_odometer, purpose, is_verified) VALUES (9, 6, '2022-05-01', '2022-05-28', 37176, 38110, 'Yıllık kullanım', TRUE);
INSERT INTO vehicle_usage (vehicle_id, driver_id, start_date, end_date, start_odometer, end_odometer, purpose, is_verified) VALUES (9, 6, '2022-06-01', '2022-06-28', 38110, 39178, 'Yıllık kullanım', TRUE);
INSERT INTO vehicle_usage (vehicle_id, driver_id, start_date, end_date, start_odometer, end_odometer, purpose, is_verified) VALUES (9, 6, '2022-07-01', '2022-07-28', 39178, 40248, 'Yıllık kullanım', TRUE);
INSERT INTO vehicle_usage (vehicle_id, driver_id, start_date, end_date, start_odometer, end_odometer, purpose, is_verified) VALUES (9, 6, '2022-08-01', '2022-08-28', 40248, 41321, 'Yıllık kullanım', TRUE);
INSERT INTO vehicle_usage (vehicle_id, driver_id, start_date, end_date, start_odometer, end_odometer, purpose, is_verified) VALUES (9, 6, '2022-09-01', '2022-09-28', 41321, 42261, 'Yıllık kullanım', TRUE);
INSERT INTO vehicle_usage (vehicle_id, driver_id, start_date, end_date, start_odometer, end_odometer, purpose, is_verified) VALUES (9, 6, '2022-10-01', '2022-10-28', 42261, 43308, 'Yıllık kullanım', TRUE);
INSERT INTO vehicle_usage (vehicle_id, driver_id, start_date, end_date, start_odometer, end_odometer, purpose, is_verified) VALUES (9, 6, '2022-11-01', '2022-11-28', 43308, 44312, 'Yıllık kullanım', TRUE);
INSERT INTO vehicle_usage (vehicle_id, driver_id, start_date, end_date, start_odometer, end_odometer, purpose, is_verified) VALUES (9, 6, '2022-12-01', '2022-12-28', 44312, 45321, 'Yıllık kullanım', TRUE);
INSERT INTO vehicle_usage (vehicle_id, driver_id, start_date, end_date, start_odometer, end_odometer, purpose, is_verified) VALUES (10, 6, '2022-01-01', '2022-01-28', 34000, 35164, 'Yıllık kullanım', TRUE);
INSERT INTO vehicle_usage (vehicle_id, driver_id, start_date, end_date, start_odometer, end_odometer, purpose, is_verified) VALUES (10, 6, '2022-02-01', '2022-02-28', 35164, 36014, 'Yıllık kullanım', TRUE);
INSERT INTO vehicle_usage (vehicle_id, driver_id, start_date, end_date, start_odometer, end_odometer, purpose, is_verified) VALUES (10, 6, '2022-03-01', '2022-03-28', 36014, 36864, 'Yıllık kullanım', TRUE);
INSERT INTO vehicle_usage (vehicle_id, driver_id, start_date, end_date, start_odometer, end_odometer, purpose, is_verified) VALUES (10, 6, '2022-04-01', '2022-04-28', 36864, 38040, 'Yıllık kullanım', TRUE);
INSERT INTO vehicle_usage (vehicle_id, driver_id, start_date, end_date, start_odometer, end_odometer, purpose, is_verified) VALUES (10, 6, '2022-05-01', '2022-05-28', 38040, 39080, 'Yıllık kullanım', TRUE);
INSERT INTO vehicle_usage (vehicle_id, driver_id, start_date, end_date, start_odometer, end_odometer, purpose, is_verified) VALUES (10, 6, '2022-06-01', '2022-06-28', 39080, 40121, 'Yıllık kullanım', TRUE);
INSERT INTO vehicle_usage (vehicle_id, driver_id, start_date, end_date, start_odometer, end_odometer, purpose, is_verified) VALUES (10, 6, '2022-07-01', '2022-07-28', 40121, 41166, 'Yıllık kullanım', TRUE);
INSERT INTO vehicle_usage (vehicle_id, driver_id, start_date, end_date, start_odometer, end_odometer, purpose, is_verified) VALUES (10, 6, '2022-08-01', '2022-08-28', 41166, 42016, 'Yıllık kullanım', TRUE);
INSERT INTO vehicle_usage (vehicle_id, driver_id, start_date, end_date, start_odometer, end_odometer, purpose, is_verified) VALUES (10, 6, '2022-09-01', '2022-09-28', 42016, 43041, 'Yıllık kullanım', TRUE);
INSERT INTO vehicle_usage (vehicle_id, driver_id, start_date, end_date, start_odometer, end_odometer, purpose, is_verified) VALUES (10, 6, '2022-10-01', '2022-10-28', 43041, 44088, 'Yıllık kullanım', TRUE);
INSERT INTO vehicle_usage (vehicle_id, driver_id, start_date, end_date, start_odometer, end_odometer, purpose, is_verified) VALUES (10, 6, '2022-11-01', '2022-11-28', 44088, 44925, 'Yıllık kullanım', TRUE);
INSERT INTO vehicle_usage (vehicle_id, driver_id, start_date, end_date, start_odometer, end_odometer, purpose, is_verified) VALUES (10, 6, '2022-12-01', '2022-12-28', 44925, 45979, 'Yıllık kullanım', TRUE);
INSERT INTO vehicle_usage (vehicle_id, driver_id, start_date, end_date, start_odometer, end_odometer, purpose, is_verified) VALUES (11, 8, '2022-01-01', '2022-01-28', 34900, 36079, 'Yıllık kullanım', TRUE);
INSERT INTO vehicle_usage (vehicle_id, driver_id, start_date, end_date, start_odometer, end_odometer, purpose, is_verified) VALUES (11, 8, '2022-02-01', '2022-02-28', 36079, 36885, 'Yıllık kullanım', TRUE);
INSERT INTO vehicle_usage (vehicle_id, driver_id, start_date, end_date, start_odometer, end_odometer, purpose, is_verified) VALUES (11, 8, '2022-03-01', '2022-03-28', 36885, 37994, 'Yıllık kullanım', TRUE);
INSERT INTO vehicle_usage (vehicle_id, driver_id, start_date, end_date, start_odometer, end_odometer, purpose, is_verified) VALUES (11, 8, '2022-04-01', '2022-04-28', 37994, 39164, 'Yıllık kullanım', TRUE);
INSERT INTO vehicle_usage (vehicle_id, driver_id, start_date, end_date, start_odometer, end_odometer, purpose, is_verified) VALUES (11, 8, '2022-05-01', '2022-05-28', 39164, 40199, 'Yıllık kullanım', TRUE);
INSERT INTO vehicle_usage (vehicle_id, driver_id, start_date, end_date, start_odometer, end_odometer, purpose, is_verified) VALUES (11, 8, '2022-06-01', '2022-06-28', 40199, 41194, 'Yıllık kullanım', TRUE);
INSERT INTO vehicle_usage (vehicle_id, driver_id, start_date, end_date, start_odometer, end_odometer, purpose, is_verified) VALUES (11, 8, '2022-07-01', '2022-07-28', 41194, 42110, 'Yıllık kullanım', TRUE);
INSERT INTO vehicle_usage (vehicle_id, driver_id, start_date, end_date, start_odometer, end_odometer, purpose, is_verified) VALUES (11, 8, '2022-08-01', '2022-08-28', 42110, 42956, 'Yıllık kullanım', TRUE);
INSERT INTO vehicle_usage (vehicle_id, driver_id, start_date, end_date, start_odometer, end_odometer, purpose, is_verified) VALUES (11, 8, '2022-09-01', '2022-09-28', 42956, 44045, 'Yıllık kullanım', TRUE);
INSERT INTO vehicle_usage (vehicle_id, driver_id, start_date, end_date, start_odometer, end_odometer, purpose, is_verified) VALUES (11, 8, '2022-10-01', '2022-10-28', 44045, 45146, 'Yıllık kullanım', TRUE);
INSERT INTO vehicle_usage (vehicle_id, driver_id, start_date, end_date, start_odometer, end_odometer, purpose, is_verified) VALUES (11, 8, '2022-11-01', '2022-11-28', 45146, 46150, 'Yıllık kullanım', TRUE);
INSERT INTO vehicle_usage (vehicle_id, driver_id, start_date, end_date, start_odometer, end_odometer, purpose, is_verified) VALUES (11, 8, '2022-12-01', '2022-12-28', 46150, 47196, 'Yıllık kullanım', TRUE);
INSERT INTO vehicle_usage (vehicle_id, driver_id, start_date, end_date, start_odometer, end_odometer, purpose, is_verified) VALUES (12, 8, '2022-01-01', '2022-01-28', 35800, 36799, 'Yıllık kullanım', TRUE);
INSERT INTO vehicle_usage (vehicle_id, driver_id, start_date, end_date, start_odometer, end_odometer, purpose, is_verified) VALUES (12, 8, '2022-02-01', '2022-02-28', 36799, 37717, 'Yıllık kullanım', TRUE);
INSERT INTO vehicle_usage (vehicle_id, driver_id, start_date, end_date, start_odometer, end_odometer, purpose, is_verified) VALUES (12, 8, '2022-03-01', '2022-03-28', 37717, 38604, 'Yıllık kullanım', TRUE);
INSERT INTO vehicle_usage (vehicle_id, driver_id, start_date, end_date, start_odometer, end_odometer, purpose, is_verified) VALUES (12, 8, '2022-04-01', '2022-04-28', 38604, 39657, 'Yıllık kullanım', TRUE);
INSERT INTO vehicle_usage (vehicle_id, driver_id, start_date, end_date, start_odometer, end_odometer, purpose, is_verified) VALUES (12, 8, '2022-05-01', '2022-05-28', 39657, 40704, 'Yıllık kullanım', TRUE);
INSERT INTO vehicle_usage (vehicle_id, driver_id, start_date, end_date, start_odometer, end_odometer, purpose, is_verified) VALUES (12, 8, '2022-06-01', '2022-06-28', 40704, 41761, 'Yıllık kullanım', TRUE);
INSERT INTO vehicle_usage (vehicle_id, driver_id, start_date, end_date, start_odometer, end_odometer, purpose, is_verified) VALUES (12, 8, '2022-07-01', '2022-07-28', 41761, 42920, 'Yıllık kullanım', TRUE);
INSERT INTO vehicle_usage (vehicle_id, driver_id, start_date, end_date, start_odometer, end_odometer, purpose, is_verified) VALUES (12, 8, '2022-08-01', '2022-08-28', 42920, 43741, 'Yıllık kullanım', TRUE);
INSERT INTO vehicle_usage (vehicle_id, driver_id, start_date, end_date, start_odometer, end_odometer, purpose, is_verified) VALUES (12, 8, '2022-09-01', '2022-09-28', 43741, 44794, 'Yıllık kullanım', TRUE);
INSERT INTO vehicle_usage (vehicle_id, driver_id, start_date, end_date, start_odometer, end_odometer, purpose, is_verified) VALUES (12, 8, '2022-10-01', '2022-10-28', 44794, 45729, 'Yıllık kullanım', TRUE);
INSERT INTO vehicle_usage (vehicle_id, driver_id, start_date, end_date, start_odometer, end_odometer, purpose, is_verified) VALUES (12, 8, '2022-11-01', '2022-11-28', 45729, 46723, 'Yıllık kullanım', TRUE);
INSERT INTO vehicle_usage (vehicle_id, driver_id, start_date, end_date, start_odometer, end_odometer, purpose, is_verified) VALUES (12, 8, '2022-12-01', '2022-12-28', 46723, 47812, 'Yıllık kullanım', TRUE);
INSERT INTO vehicle_usage (vehicle_id, driver_id, start_date, end_date, start_odometer, end_odometer, purpose, is_verified) VALUES (13, 8, '2022-01-01', '2022-01-28', 36700, 37817, 'Yıllık kullanım', TRUE);
INSERT INTO vehicle_usage (vehicle_id, driver_id, start_date, end_date, start_odometer, end_odometer, purpose, is_verified) VALUES (13, 8, '2022-02-01', '2022-02-28', 37817, 38818, 'Yıllık kullanım', TRUE);
INSERT INTO vehicle_usage (vehicle_id, driver_id, start_date, end_date, start_odometer, end_odometer, purpose, is_verified) VALUES (13, 8, '2022-03-01', '2022-03-28', 38818, 40001, 'Yıllık kullanım', TRUE);
INSERT INTO vehicle_usage (vehicle_id, driver_id, start_date, end_date, start_odometer, end_odometer, purpose, is_verified) VALUES (13, 8, '2022-04-01', '2022-04-28', 40001, 41011, 'Yıllık kullanım', TRUE);
INSERT INTO vehicle_usage (vehicle_id, driver_id, start_date, end_date, start_odometer, end_odometer, purpose, is_verified) VALUES (13, 8, '2022-05-01', '2022-05-28', 41011, 42184, 'Yıllık kullanım', TRUE);
INSERT INTO vehicle_usage (vehicle_id, driver_id, start_date, end_date, start_odometer, end_odometer, purpose, is_verified) VALUES (13, 8, '2022-06-01', '2022-06-28', 42184, 43155, 'Yıllık kullanım', TRUE);
INSERT INTO vehicle_usage (vehicle_id, driver_id, start_date, end_date, start_odometer, end_odometer, purpose, is_verified) VALUES (13, 8, '2022-07-01', '2022-07-28', 43155, 43966, 'Yıllık kullanım', TRUE);
INSERT INTO vehicle_usage (vehicle_id, driver_id, start_date, end_date, start_odometer, end_odometer, purpose, is_verified) VALUES (13, 8, '2022-08-01', '2022-08-28', 43966, 45121, 'Yıllık kullanım', TRUE);
INSERT INTO vehicle_usage (vehicle_id, driver_id, start_date, end_date, start_odometer, end_odometer, purpose, is_verified) VALUES (13, 8, '2022-09-01', '2022-09-28', 45121, 46282, 'Yıllık kullanım', TRUE);
INSERT INTO vehicle_usage (vehicle_id, driver_id, start_date, end_date, start_odometer, end_odometer, purpose, is_verified) VALUES (13, 8, '2022-10-01', '2022-10-28', 46282, 47417, 'Yıllık kullanım', TRUE);
INSERT INTO vehicle_usage (vehicle_id, driver_id, start_date, end_date, start_odometer, end_odometer, purpose, is_verified) VALUES (13, 8, '2022-11-01', '2022-11-28', 47417, 48283, 'Yıllık kullanım', TRUE);
INSERT INTO vehicle_usage (vehicle_id, driver_id, start_date, end_date, start_odometer, end_odometer, purpose, is_verified) VALUES (13, 8, '2022-12-01', '2022-12-28', 48283, 49285, 'Yıllık kullanım', TRUE);
INSERT INTO vehicle_usage (vehicle_id, driver_id, start_date, end_date, start_odometer, end_odometer, purpose, is_verified) VALUES (14, 8, '2022-01-01', '2022-01-28', 37600, 38648, 'Yıllık kullanım', TRUE);
INSERT INTO vehicle_usage (vehicle_id, driver_id, start_date, end_date, start_odometer, end_odometer, purpose, is_verified) VALUES (14, 8, '2022-02-01', '2022-02-28', 38648, 39625, 'Yıllık kullanım', TRUE);
INSERT INTO vehicle_usage (vehicle_id, driver_id, start_date, end_date, start_odometer, end_odometer, purpose, is_verified) VALUES (14, 8, '2022-03-01', '2022-03-28', 39625, 40518, 'Yıllık kullanım', TRUE);
INSERT INTO vehicle_usage (vehicle_id, driver_id, start_date, end_date, start_odometer, end_odometer, purpose, is_verified) VALUES (14, 8, '2022-04-01', '2022-04-28', 40518, 41338, 'Yıllık kullanım', TRUE);
INSERT INTO vehicle_usage (vehicle_id, driver_id, start_date, end_date, start_odometer, end_odometer, purpose, is_verified) VALUES (14, 8, '2022-05-01', '2022-05-28', 41338, 42246, 'Yıllık kullanım', TRUE);
INSERT INTO vehicle_usage (vehicle_id, driver_id, start_date, end_date, start_odometer, end_odometer, purpose, is_verified) VALUES (14, 8, '2022-06-01', '2022-06-28', 42246, 43183, 'Yıllık kullanım', TRUE);
INSERT INTO vehicle_usage (vehicle_id, driver_id, start_date, end_date, start_odometer, end_odometer, purpose, is_verified) VALUES (14, 8, '2022-07-01', '2022-07-28', 43183, 44104, 'Yıllık kullanım', TRUE);
INSERT INTO vehicle_usage (vehicle_id, driver_id, start_date, end_date, start_odometer, end_odometer, purpose, is_verified) VALUES (14, 8, '2022-08-01', '2022-08-28', 44104, 45057, 'Yıllık kullanım', TRUE);
INSERT INTO vehicle_usage (vehicle_id, driver_id, start_date, end_date, start_odometer, end_odometer, purpose, is_verified) VALUES (14, 8, '2022-09-01', '2022-09-28', 45057, 45981, 'Yıllık kullanım', TRUE);
INSERT INTO vehicle_usage (vehicle_id, driver_id, start_date, end_date, start_odometer, end_odometer, purpose, is_verified) VALUES (14, 8, '2022-10-01', '2022-10-28', 45981, 46946, 'Yıllık kullanım', TRUE);
INSERT INTO vehicle_usage (vehicle_id, driver_id, start_date, end_date, start_odometer, end_odometer, purpose, is_verified) VALUES (14, 8, '2022-11-01', '2022-11-28', 46946, 48037, 'Yıllık kullanım', TRUE);
INSERT INTO vehicle_usage (vehicle_id, driver_id, start_date, end_date, start_odometer, end_odometer, purpose, is_verified) VALUES (14, 8, '2022-12-01', '2022-12-28', 48037, 48885, 'Yıllık kullanım', TRUE);
INSERT INTO vehicle_usage (vehicle_id, driver_id, start_date, end_date, start_odometer, end_odometer, purpose, is_verified) VALUES (15, 8, '2022-01-01', '2022-01-28', 38500, 39670, 'Yıllık kullanım', TRUE);
INSERT INTO vehicle_usage (vehicle_id, driver_id, start_date, end_date, start_odometer, end_odometer, purpose, is_verified) VALUES (15, 8, '2022-02-01', '2022-02-28', 39670, 40660, 'Yıllık kullanım', TRUE);
INSERT INTO vehicle_usage (vehicle_id, driver_id, start_date, end_date, start_odometer, end_odometer, purpose, is_verified) VALUES (15, 8, '2022-03-01', '2022-03-28', 40660, 41573, 'Yıllık kullanım', TRUE);
INSERT INTO vehicle_usage (vehicle_id, driver_id, start_date, end_date, start_odometer, end_odometer, purpose, is_verified) VALUES (15, 8, '2022-04-01', '2022-04-28', 41573, 42723, 'Yıllık kullanım', TRUE);
INSERT INTO vehicle_usage (vehicle_id, driver_id, start_date, end_date, start_odometer, end_odometer, purpose, is_verified) VALUES (15, 8, '2022-05-01', '2022-05-28', 42723, 43672, 'Yıllık kullanım', TRUE);
INSERT INTO vehicle_usage (vehicle_id, driver_id, start_date, end_date, start_odometer, end_odometer, purpose, is_verified) VALUES (15, 8, '2022-06-01', '2022-06-28', 43672, 44535, 'Yıllık kullanım', TRUE);
INSERT INTO vehicle_usage (vehicle_id, driver_id, start_date, end_date, start_odometer, end_odometer, purpose, is_verified) VALUES (15, 8, '2022-07-01', '2022-07-28', 44535, 45460, 'Yıllık kullanım', TRUE);
INSERT INTO vehicle_usage (vehicle_id, driver_id, start_date, end_date, start_odometer, end_odometer, purpose, is_verified) VALUES (15, 8, '2022-08-01', '2022-08-28', 45460, 46320, 'Yıllık kullanım', TRUE);
INSERT INTO vehicle_usage (vehicle_id, driver_id, start_date, end_date, start_odometer, end_odometer, purpose, is_verified) VALUES (15, 8, '2022-09-01', '2022-09-28', 46320, 47214, 'Yıllık kullanım', TRUE);
INSERT INTO vehicle_usage (vehicle_id, driver_id, start_date, end_date, start_odometer, end_odometer, purpose, is_verified) VALUES (15, 8, '2022-10-01', '2022-10-28', 47214, 48030, 'Yıllık kullanım', TRUE);
INSERT INTO vehicle_usage (vehicle_id, driver_id, start_date, end_date, start_odometer, end_odometer, purpose, is_verified) VALUES (15, 8, '2022-11-01', '2022-11-28', 48030, 48974, 'Yıllık kullanım', TRUE);
INSERT INTO vehicle_usage (vehicle_id, driver_id, start_date, end_date, start_odometer, end_odometer, purpose, is_verified) VALUES (15, 8, '2022-12-01', '2022-12-28', 48974, 50153, 'Yıllık kullanım', TRUE);
INSERT INTO reports (report_id, generated_date, type, title, data) VALUES (5000, '2022-01-28', 'INSURANCE_COST', '1 Nolu Araç 2022-01 Sigorta Raporu', '{"summary": "Sigorta verisi", "insurance_paid": 2525}');
INSERT INTO reports (report_id, generated_date, type, title, data) VALUES (5001, '2022-02-28', 'INSURANCE_COST', '1 Nolu Araç 2022-02 Sigorta Raporu', '{"summary": "Sigorta verisi", "insurance_paid": 1655}');
INSERT INTO reports (report_id, generated_date, type, title, data) VALUES (5002, '2022-03-28', 'INSURANCE_COST', '1 Nolu Araç 2022-03 Sigorta Raporu', '{"summary": "Sigorta verisi", "insurance_paid": 1467}');
INSERT INTO reports (report_id, generated_date, type, title, data) VALUES (5003, '2022-04-28', 'INSURANCE_COST', '1 Nolu Araç 2022-04 Sigorta Raporu', '{"summary": "Sigorta verisi", "insurance_paid": 1673}');
INSERT INTO reports (report_id, generated_date, type, title, data) VALUES (5004, '2022-05-28', 'INSURANCE_COST', '1 Nolu Araç 2022-05 Sigorta Raporu', '{"summary": "Sigorta verisi", "insurance_paid": 1477}');
INSERT INTO reports (report_id, generated_date, type, title, data) VALUES (5005, '2022-06-28', 'INSURANCE_COST', '1 Nolu Araç 2022-06 Sigorta Raporu', '{"summary": "Sigorta verisi", "insurance_paid": 2863}');
INSERT INTO reports (report_id, generated_date, type, title, data) VALUES (5006, '2022-07-28', 'INSURANCE_COST', '1 Nolu Araç 2022-07 Sigorta Raporu', '{"summary": "Sigorta verisi", "insurance_paid": 1324}');
INSERT INTO reports (report_id, generated_date, type, title, data) VALUES (5007, '2022-08-28', 'INSURANCE_COST', '1 Nolu Araç 2022-08 Sigorta Raporu', '{"summary": "Sigorta verisi", "insurance_paid": 2025}');
INSERT INTO reports (report_id, generated_date, type, title, data) VALUES (5008, '2022-09-28', 'INSURANCE_COST', '1 Nolu Araç 2022-09 Sigorta Raporu', '{"summary": "Sigorta verisi", "insurance_paid": 2543}');
INSERT INTO reports (report_id, generated_date, type, title, data) VALUES (5009, '2022-10-28', 'INSURANCE_COST', '1 Nolu Araç 2022-10 Sigorta Raporu', '{"summary": "Sigorta verisi", "insurance_paid": 1709}');
INSERT INTO reports (report_id, generated_date, type, title, data) VALUES (5010, '2022-11-28', 'INSURANCE_COST', '1 Nolu Araç 2022-11 Sigorta Raporu', '{"summary": "Sigorta verisi", "insurance_paid": 1425}');
INSERT INTO reports (report_id, generated_date, type, title, data) VALUES (5011, '2022-12-28', 'INSURANCE_COST', '1 Nolu Araç 2022-12 Sigorta Raporu', '{"summary": "Sigorta verisi", "insurance_paid": 1607}');
INSERT INTO reports (report_id, generated_date, type, title, data) VALUES (5012, '2022-01-28', 'INSURANCE_COST', '2 Nolu Araç 2022-01 Sigorta Raporu', '{"summary": "Sigorta verisi", "insurance_paid": 2094}');
INSERT INTO reports (report_id, generated_date, type, title, data) VALUES (5013, '2022-02-28', 'INSURANCE_COST', '2 Nolu Araç 2022-02 Sigorta Raporu', '{"summary": "Sigorta verisi", "insurance_paid": 2552}');
INSERT INTO reports (report_id, generated_date, type, title, data) VALUES (5014, '2022-03-28', 'INSURANCE_COST', '2 Nolu Araç 2022-03 Sigorta Raporu', '{"summary": "Sigorta verisi", "insurance_paid": 1607}');
INSERT INTO reports (report_id, generated_date, type, title, data) VALUES (5015, '2022-04-28', 'INSURANCE_COST', '2 Nolu Araç 2022-04 Sigorta Raporu', '{"summary": "Sigorta verisi", "insurance_paid": 2236}');
INSERT INTO reports (report_id, generated_date, type, title, data) VALUES (5016, '2022-05-28', 'INSURANCE_COST', '2 Nolu Araç 2022-05 Sigorta Raporu', '{"summary": "Sigorta verisi", "insurance_paid": 2713}');
INSERT INTO reports (report_id, generated_date, type, title, data) VALUES (5017, '2022-06-28', 'INSURANCE_COST', '2 Nolu Araç 2022-06 Sigorta Raporu', '{"summary": "Sigorta verisi", "insurance_paid": 2787}');
INSERT INTO reports (report_id, generated_date, type, title, data) VALUES (5018, '2022-07-28', 'INSURANCE_COST', '2 Nolu Araç 2022-07 Sigorta Raporu', '{"summary": "Sigorta verisi", "insurance_paid": 1015}');
INSERT INTO reports (report_id, generated_date, type, title, data) VALUES (5019, '2022-08-28', 'INSURANCE_COST', '2 Nolu Araç 2022-08 Sigorta Raporu', '{"summary": "Sigorta verisi", "insurance_paid": 2712}');
INSERT INTO reports (report_id, generated_date, type, title, data) VALUES (5020, '2022-09-28', 'INSURANCE_COST', '2 Nolu Araç 2022-09 Sigorta Raporu', '{"summary": "Sigorta verisi", "insurance_paid": 2672}');
INSERT INTO reports (report_id, generated_date, type, title, data) VALUES (5021, '2022-10-28', 'INSURANCE_COST', '2 Nolu Araç 2022-10 Sigorta Raporu', '{"summary": "Sigorta verisi", "insurance_paid": 1041}');
INSERT INTO reports (report_id, generated_date, type, title, data) VALUES (5022, '2022-11-28', 'INSURANCE_COST', '2 Nolu Araç 2022-11 Sigorta Raporu', '{"summary": "Sigorta verisi", "insurance_paid": 2522}');
INSERT INTO reports (report_id, generated_date, type, title, data) VALUES (5023, '2022-12-28', 'INSURANCE_COST', '2 Nolu Araç 2022-12 Sigorta Raporu', '{"summary": "Sigorta verisi", "insurance_paid": 2080}');
INSERT INTO reports (report_id, generated_date, type, title, data) VALUES (5024, '2022-01-28', 'INSURANCE_COST', '3 Nolu Araç 2022-01 Sigorta Raporu', '{"summary": "Sigorta verisi", "insurance_paid": 2867}');
INSERT INTO reports (report_id, generated_date, type, title, data) VALUES (5025, '2022-02-28', 'INSURANCE_COST', '3 Nolu Araç 2022-02 Sigorta Raporu', '{"summary": "Sigorta verisi", "insurance_paid": 1556}');
INSERT INTO reports (report_id, generated_date, type, title, data) VALUES (5026, '2022-03-28', 'INSURANCE_COST', '3 Nolu Araç 2022-03 Sigorta Raporu', '{"summary": "Sigorta verisi", "insurance_paid": 1090}');
INSERT INTO reports (report_id, generated_date, type, title, data) VALUES (5027, '2022-04-28', 'INSURANCE_COST', '3 Nolu Araç 2022-04 Sigorta Raporu', '{"summary": "Sigorta verisi", "insurance_paid": 2707}');
INSERT INTO reports (report_id, generated_date, type, title, data) VALUES (5028, '2022-05-28', 'INSURANCE_COST', '3 Nolu Araç 2022-05 Sigorta Raporu', '{"summary": "Sigorta verisi", "insurance_paid": 1213}');
INSERT INTO reports (report_id, generated_date, type, title, data) VALUES (5029, '2022-06-28', 'INSURANCE_COST', '3 Nolu Araç 2022-06 Sigorta Raporu', '{"summary": "Sigorta verisi", "insurance_paid": 2457}');
INSERT INTO reports (report_id, generated_date, type, title, data) VALUES (5030, '2022-07-28', 'INSURANCE_COST', '3 Nolu Araç 2022-07 Sigorta Raporu', '{"summary": "Sigorta verisi", "insurance_paid": 2273}');
INSERT INTO reports (report_id, generated_date, type, title, data) VALUES (5031, '2022-08-28', 'INSURANCE_COST', '3 Nolu Araç 2022-08 Sigorta Raporu', '{"summary": "Sigorta verisi", "insurance_paid": 1517}');
INSERT INTO reports (report_id, generated_date, type, title, data) VALUES (5032, '2022-09-28', 'INSURANCE_COST', '3 Nolu Araç 2022-09 Sigorta Raporu', '{"summary": "Sigorta verisi", "insurance_paid": 2785}');
INSERT INTO reports (report_id, generated_date, type, title, data) VALUES (5033, '2022-10-28', 'INSURANCE_COST', '3 Nolu Araç 2022-10 Sigorta Raporu', '{"summary": "Sigorta verisi", "insurance_paid": 1179}');
INSERT INTO reports (report_id, generated_date, type, title, data) VALUES (5034, '2022-11-28', 'INSURANCE_COST', '3 Nolu Araç 2022-11 Sigorta Raporu', '{"summary": "Sigorta verisi", "insurance_paid": 1511}');
INSERT INTO reports (report_id, generated_date, type, title, data) VALUES (5035, '2022-12-28', 'INSURANCE_COST', '3 Nolu Araç 2022-12 Sigorta Raporu', '{"summary": "Sigorta verisi", "insurance_paid": 2788}');
INSERT INTO reports (report_id, generated_date, type, title, data) VALUES (5036, '2022-01-28', 'INSURANCE_COST', '4 Nolu Araç 2022-01 Sigorta Raporu', '{"summary": "Sigorta verisi", "insurance_paid": 1392}');
INSERT INTO reports (report_id, generated_date, type, title, data) VALUES (5037, '2022-02-28', 'INSURANCE_COST', '4 Nolu Araç 2022-02 Sigorta Raporu', '{"summary": "Sigorta verisi", "insurance_paid": 2350}');
INSERT INTO reports (report_id, generated_date, type, title, data) VALUES (5038, '2022-03-28', 'INSURANCE_COST', '4 Nolu Araç 2022-03 Sigorta Raporu', '{"summary": "Sigorta verisi", "insurance_paid": 1540}');
INSERT INTO reports (report_id, generated_date, type, title, data) VALUES (5039, '2022-04-28', 'INSURANCE_COST', '4 Nolu Araç 2022-04 Sigorta Raporu', '{"summary": "Sigorta verisi", "insurance_paid": 1403}');
INSERT INTO reports (report_id, generated_date, type, title, data) VALUES (5040, '2022-05-28', 'INSURANCE_COST', '4 Nolu Araç 2022-05 Sigorta Raporu', '{"summary": "Sigorta verisi", "insurance_paid": 1425}');
INSERT INTO reports (report_id, generated_date, type, title, data) VALUES (5041, '2022-06-28', 'INSURANCE_COST', '4 Nolu Araç 2022-06 Sigorta Raporu', '{"summary": "Sigorta verisi", "insurance_paid": 1705}');
INSERT INTO reports (report_id, generated_date, type, title, data) VALUES (5042, '2022-07-28', 'INSURANCE_COST', '4 Nolu Araç 2022-07 Sigorta Raporu', '{"summary": "Sigorta verisi", "insurance_paid": 1986}');
INSERT INTO reports (report_id, generated_date, type, title, data) VALUES (5043, '2022-08-28', 'INSURANCE_COST', '4 Nolu Araç 2022-08 Sigorta Raporu', '{"summary": "Sigorta verisi", "insurance_paid": 1093}');
INSERT INTO reports (report_id, generated_date, type, title, data) VALUES (5044, '2022-09-28', 'INSURANCE_COST', '4 Nolu Araç 2022-09 Sigorta Raporu', '{"summary": "Sigorta verisi", "insurance_paid": 1994}');
INSERT INTO reports (report_id, generated_date, type, title, data) VALUES (5045, '2022-10-28', 'INSURANCE_COST', '4 Nolu Araç 2022-10 Sigorta Raporu', '{"summary": "Sigorta verisi", "insurance_paid": 2601}');
INSERT INTO reports (report_id, generated_date, type, title, data) VALUES (5046, '2022-11-28', 'INSURANCE_COST', '4 Nolu Araç 2022-11 Sigorta Raporu', '{"summary": "Sigorta verisi", "insurance_paid": 2717}');
INSERT INTO reports (report_id, generated_date, type, title, data) VALUES (5047, '2022-12-28', 'INSURANCE_COST', '4 Nolu Araç 2022-12 Sigorta Raporu', '{"summary": "Sigorta verisi", "insurance_paid": 2761}');
INSERT INTO reports (report_id, generated_date, type, title, data) VALUES (5048, '2022-01-28', 'INSURANCE_COST', '5 Nolu Araç 2022-01 Sigorta Raporu', '{"summary": "Sigorta verisi", "insurance_paid": 1983}');
INSERT INTO reports (report_id, generated_date, type, title, data) VALUES (5049, '2022-02-28', 'INSURANCE_COST', '5 Nolu Araç 2022-02 Sigorta Raporu', '{"summary": "Sigorta verisi", "insurance_paid": 1265}');
INSERT INTO reports (report_id, generated_date, type, title, data) VALUES (5050, '2022-03-28', 'INSURANCE_COST', '5 Nolu Araç 2022-03 Sigorta Raporu', '{"summary": "Sigorta verisi", "insurance_paid": 2422}');
INSERT INTO reports (report_id, generated_date, type, title, data) VALUES (5051, '2022-04-28', 'INSURANCE_COST', '5 Nolu Araç 2022-04 Sigorta Raporu', '{"summary": "Sigorta verisi", "insurance_paid": 1561}');
INSERT INTO reports (report_id, generated_date, type, title, data) VALUES (5052, '2022-05-28', 'INSURANCE_COST', '5 Nolu Araç 2022-05 Sigorta Raporu', '{"summary": "Sigorta verisi", "insurance_paid": 1301}');
INSERT INTO reports (report_id, generated_date, type, title, data) VALUES (5053, '2022-06-28', 'INSURANCE_COST', '5 Nolu Araç 2022-06 Sigorta Raporu', '{"summary": "Sigorta verisi", "insurance_paid": 2503}');
INSERT INTO reports (report_id, generated_date, type, title, data) VALUES (5054, '2022-07-28', 'INSURANCE_COST', '5 Nolu Araç 2022-07 Sigorta Raporu', '{"summary": "Sigorta verisi", "insurance_paid": 2268}');
INSERT INTO reports (report_id, generated_date, type, title, data) VALUES (5055, '2022-08-28', 'INSURANCE_COST', '5 Nolu Araç 2022-08 Sigorta Raporu', '{"summary": "Sigorta verisi", "insurance_paid": 2343}');
INSERT INTO reports (report_id, generated_date, type, title, data) VALUES (5056, '2022-09-28', 'INSURANCE_COST', '5 Nolu Araç 2022-09 Sigorta Raporu', '{"summary": "Sigorta verisi", "insurance_paid": 1070}');
INSERT INTO reports (report_id, generated_date, type, title, data) VALUES (5057, '2022-10-28', 'INSURANCE_COST', '5 Nolu Araç 2022-10 Sigorta Raporu', '{"summary": "Sigorta verisi", "insurance_paid": 1605}');
INSERT INTO reports (report_id, generated_date, type, title, data) VALUES (5058, '2022-11-28', 'INSURANCE_COST', '5 Nolu Araç 2022-11 Sigorta Raporu', '{"summary": "Sigorta verisi", "insurance_paid": 2014}');
INSERT INTO reports (report_id, generated_date, type, title, data) VALUES (5059, '2022-12-28', 'INSURANCE_COST', '5 Nolu Araç 2022-12 Sigorta Raporu', '{"summary": "Sigorta verisi", "insurance_paid": 2478}');
INSERT INTO reports (report_id, generated_date, type, title, data) VALUES (5060, '2022-01-28', 'INSURANCE_COST', '6 Nolu Araç 2022-01 Sigorta Raporu', '{"summary": "Sigorta verisi", "insurance_paid": 1723}');
INSERT INTO reports (report_id, generated_date, type, title, data) VALUES (5061, '2022-02-28', 'INSURANCE_COST', '6 Nolu Araç 2022-02 Sigorta Raporu', '{"summary": "Sigorta verisi", "insurance_paid": 1897}');
INSERT INTO reports (report_id, generated_date, type, title, data) VALUES (5062, '2022-03-28', 'INSURANCE_COST', '6 Nolu Araç 2022-03 Sigorta Raporu', '{"summary": "Sigorta verisi", "insurance_paid": 1909}');
INSERT INTO reports (report_id, generated_date, type, title, data) VALUES (5063, '2022-04-28', 'INSURANCE_COST', '6 Nolu Araç 2022-04 Sigorta Raporu', '{"summary": "Sigorta verisi", "insurance_paid": 2838}');
INSERT INTO reports (report_id, generated_date, type, title, data) VALUES (5064, '2022-05-28', 'INSURANCE_COST', '6 Nolu Araç 2022-05 Sigorta Raporu', '{"summary": "Sigorta verisi", "insurance_paid": 2454}');
INSERT INTO reports (report_id, generated_date, type, title, data) VALUES (5065, '2022-06-28', 'INSURANCE_COST', '6 Nolu Araç 2022-06 Sigorta Raporu', '{"summary": "Sigorta verisi", "insurance_paid": 2915}');
INSERT INTO reports (report_id, generated_date, type, title, data) VALUES (5066, '2022-07-28', 'INSURANCE_COST', '6 Nolu Araç 2022-07 Sigorta Raporu', '{"summary": "Sigorta verisi", "insurance_paid": 2368}');
INSERT INTO reports (report_id, generated_date, type, title, data) VALUES (5067, '2022-08-28', 'INSURANCE_COST', '6 Nolu Araç 2022-08 Sigorta Raporu', '{"summary": "Sigorta verisi", "insurance_paid": 2821}');
INSERT INTO reports (report_id, generated_date, type, title, data) VALUES (5068, '2022-09-28', 'INSURANCE_COST', '6 Nolu Araç 2022-09 Sigorta Raporu', '{"summary": "Sigorta verisi", "insurance_paid": 1150}');
INSERT INTO reports (report_id, generated_date, type, title, data) VALUES (5069, '2022-10-28', 'INSURANCE_COST', '6 Nolu Araç 2022-10 Sigorta Raporu', '{"summary": "Sigorta verisi", "insurance_paid": 1214}');
INSERT INTO reports (report_id, generated_date, type, title, data) VALUES (5070, '2022-11-28', 'INSURANCE_COST', '6 Nolu Araç 2022-11 Sigorta Raporu', '{"summary": "Sigorta verisi", "insurance_paid": 1815}');
INSERT INTO reports (report_id, generated_date, type, title, data) VALUES (5071, '2022-12-28', 'INSURANCE_COST', '6 Nolu Araç 2022-12 Sigorta Raporu', '{"summary": "Sigorta verisi", "insurance_paid": 2163}');
INSERT INTO reports (report_id, generated_date, type, title, data) VALUES (5072, '2022-01-28', 'INSURANCE_COST', '7 Nolu Araç 2022-01 Sigorta Raporu', '{"summary": "Sigorta verisi", "insurance_paid": 2367}');
INSERT INTO reports (report_id, generated_date, type, title, data) VALUES (5073, '2022-02-28', 'INSURANCE_COST', '7 Nolu Araç 2022-02 Sigorta Raporu', '{"summary": "Sigorta verisi", "insurance_paid": 1924}');
INSERT INTO reports (report_id, generated_date, type, title, data) VALUES (5074, '2022-03-28', 'INSURANCE_COST', '7 Nolu Araç 2022-03 Sigorta Raporu', '{"summary": "Sigorta verisi", "insurance_paid": 2542}');
INSERT INTO reports (report_id, generated_date, type, title, data) VALUES (5075, '2022-04-28', 'INSURANCE_COST', '7 Nolu Araç 2022-04 Sigorta Raporu', '{"summary": "Sigorta verisi", "insurance_paid": 1794}');
INSERT INTO reports (report_id, generated_date, type, title, data) VALUES (5076, '2022-05-28', 'INSURANCE_COST', '7 Nolu Araç 2022-05 Sigorta Raporu', '{"summary": "Sigorta verisi", "insurance_paid": 2075}');
INSERT INTO reports (report_id, generated_date, type, title, data) VALUES (5077, '2022-06-28', 'INSURANCE_COST', '7 Nolu Araç 2022-06 Sigorta Raporu', '{"summary": "Sigorta verisi", "insurance_paid": 1783}');
INSERT INTO reports (report_id, generated_date, type, title, data) VALUES (5078, '2022-07-28', 'INSURANCE_COST', '7 Nolu Araç 2022-07 Sigorta Raporu', '{"summary": "Sigorta verisi", "insurance_paid": 1050}');
INSERT INTO reports (report_id, generated_date, type, title, data) VALUES (5079, '2022-08-28', 'INSURANCE_COST', '7 Nolu Araç 2022-08 Sigorta Raporu', '{"summary": "Sigorta verisi", "insurance_paid": 2864}');
INSERT INTO reports (report_id, generated_date, type, title, data) VALUES (5080, '2022-09-28', 'INSURANCE_COST', '7 Nolu Araç 2022-09 Sigorta Raporu', '{"summary": "Sigorta verisi", "insurance_paid": 2106}');
INSERT INTO reports (report_id, generated_date, type, title, data) VALUES (5081, '2022-10-28', 'INSURANCE_COST', '7 Nolu Araç 2022-10 Sigorta Raporu', '{"summary": "Sigorta verisi", "insurance_paid": 2758}');
INSERT INTO reports (report_id, generated_date, type, title, data) VALUES (5082, '2022-11-28', 'INSURANCE_COST', '7 Nolu Araç 2022-11 Sigorta Raporu', '{"summary": "Sigorta verisi", "insurance_paid": 2525}');
INSERT INTO reports (report_id, generated_date, type, title, data) VALUES (5083, '2022-12-28', 'INSURANCE_COST', '7 Nolu Araç 2022-12 Sigorta Raporu', '{"summary": "Sigorta verisi", "insurance_paid": 2208}');
INSERT INTO reports (report_id, generated_date, type, title, data) VALUES (5084, '2022-01-28', 'INSURANCE_COST', '8 Nolu Araç 2022-01 Sigorta Raporu', '{"summary": "Sigorta verisi", "insurance_paid": 1993}');
INSERT INTO reports (report_id, generated_date, type, title, data) VALUES (5085, '2022-02-28', 'INSURANCE_COST', '8 Nolu Araç 2022-02 Sigorta Raporu', '{"summary": "Sigorta verisi", "insurance_paid": 1623}');
INSERT INTO reports (report_id, generated_date, type, title, data) VALUES (5086, '2022-03-28', 'INSURANCE_COST', '8 Nolu Araç 2022-03 Sigorta Raporu', '{"summary": "Sigorta verisi", "insurance_paid": 2770}');
INSERT INTO reports (report_id, generated_date, type, title, data) VALUES (5087, '2022-04-28', 'INSURANCE_COST', '8 Nolu Araç 2022-04 Sigorta Raporu', '{"summary": "Sigorta verisi", "insurance_paid": 1130}');
INSERT INTO reports (report_id, generated_date, type, title, data) VALUES (5088, '2022-05-28', 'INSURANCE_COST', '8 Nolu Araç 2022-05 Sigorta Raporu', '{"summary": "Sigorta verisi", "insurance_paid": 1381}');
INSERT INTO reports (report_id, generated_date, type, title, data) VALUES (5089, '2022-06-28', 'INSURANCE_COST', '8 Nolu Araç 2022-06 Sigorta Raporu', '{"summary": "Sigorta verisi", "insurance_paid": 1452}');
INSERT INTO reports (report_id, generated_date, type, title, data) VALUES (5090, '2022-07-28', 'INSURANCE_COST', '8 Nolu Araç 2022-07 Sigorta Raporu', '{"summary": "Sigorta verisi", "insurance_paid": 2683}');
INSERT INTO reports (report_id, generated_date, type, title, data) VALUES (5091, '2022-08-28', 'INSURANCE_COST', '8 Nolu Araç 2022-08 Sigorta Raporu', '{"summary": "Sigorta verisi", "insurance_paid": 1681}');
INSERT INTO reports (report_id, generated_date, type, title, data) VALUES (5092, '2022-09-28', 'INSURANCE_COST', '8 Nolu Araç 2022-09 Sigorta Raporu', '{"summary": "Sigorta verisi", "insurance_paid": 1555}');
INSERT INTO reports (report_id, generated_date, type, title, data) VALUES (5093, '2022-10-28', 'INSURANCE_COST', '8 Nolu Araç 2022-10 Sigorta Raporu', '{"summary": "Sigorta verisi", "insurance_paid": 1630}');
INSERT INTO reports (report_id, generated_date, type, title, data) VALUES (5094, '2022-11-28', 'INSURANCE_COST', '8 Nolu Araç 2022-11 Sigorta Raporu', '{"summary": "Sigorta verisi", "insurance_paid": 1350}');
INSERT INTO reports (report_id, generated_date, type, title, data) VALUES (5095, '2022-12-28', 'INSURANCE_COST', '8 Nolu Araç 2022-12 Sigorta Raporu', '{"summary": "Sigorta verisi", "insurance_paid": 1363}');
INSERT INTO reports (report_id, generated_date, type, title, data) VALUES (5096, '2022-01-28', 'INSURANCE_COST', '9 Nolu Araç 2022-01 Sigorta Raporu', '{"summary": "Sigorta verisi", "insurance_paid": 2312}');
INSERT INTO reports (report_id, generated_date, type, title, data) VALUES (5097, '2022-02-28', 'INSURANCE_COST', '9 Nolu Araç 2022-02 Sigorta Raporu', '{"summary": "Sigorta verisi", "insurance_paid": 2926}');
INSERT INTO reports (report_id, generated_date, type, title, data) VALUES (5098, '2022-03-28', 'INSURANCE_COST', '9 Nolu Araç 2022-03 Sigorta Raporu', '{"summary": "Sigorta verisi", "insurance_paid": 1364}');
INSERT INTO reports (report_id, generated_date, type, title, data) VALUES (5099, '2022-04-28', 'INSURANCE_COST', '9 Nolu Araç 2022-04 Sigorta Raporu', '{"summary": "Sigorta verisi", "insurance_paid": 2696}');
INSERT INTO reports (report_id, generated_date, type, title, data) VALUES (5100, '2022-05-28', 'INSURANCE_COST', '9 Nolu Araç 2022-05 Sigorta Raporu', '{"summary": "Sigorta verisi", "insurance_paid": 2867}');
INSERT INTO reports (report_id, generated_date, type, title, data) VALUES (5101, '2022-06-28', 'INSURANCE_COST', '9 Nolu Araç 2022-06 Sigorta Raporu', '{"summary": "Sigorta verisi", "insurance_paid": 1114}');
INSERT INTO reports (report_id, generated_date, type, title, data) VALUES (5102, '2022-07-28', 'INSURANCE_COST', '9 Nolu Araç 2022-07 Sigorta Raporu', '{"summary": "Sigorta verisi", "insurance_paid": 1718}');
INSERT INTO reports (report_id, generated_date, type, title, data) VALUES (5103, '2022-08-28', 'INSURANCE_COST', '9 Nolu Araç 2022-08 Sigorta Raporu', '{"summary": "Sigorta verisi", "insurance_paid": 2864}');
INSERT INTO reports (report_id, generated_date, type, title, data) VALUES (5104, '2022-09-28', 'INSURANCE_COST', '9 Nolu Araç 2022-09 Sigorta Raporu', '{"summary": "Sigorta verisi", "insurance_paid": 2098}');
INSERT INTO reports (report_id, generated_date, type, title, data) VALUES (5105, '2022-10-28', 'INSURANCE_COST', '9 Nolu Araç 2022-10 Sigorta Raporu', '{"summary": "Sigorta verisi", "insurance_paid": 1251}');
INSERT INTO reports (report_id, generated_date, type, title, data) VALUES (5106, '2022-11-28', 'INSURANCE_COST', '9 Nolu Araç 2022-11 Sigorta Raporu', '{"summary": "Sigorta verisi", "insurance_paid": 2157}');
INSERT INTO reports (report_id, generated_date, type, title, data) VALUES (5107, '2022-12-28', 'INSURANCE_COST', '9 Nolu Araç 2022-12 Sigorta Raporu', '{"summary": "Sigorta verisi", "insurance_paid": 1539}');
INSERT INTO reports (report_id, generated_date, type, title, data) VALUES (5108, '2022-01-28', 'INSURANCE_COST', '10 Nolu Araç 2022-01 Sigorta Raporu', '{"summary": "Sigorta verisi", "insurance_paid": 1367}');
INSERT INTO reports (report_id, generated_date, type, title, data) VALUES (5109, '2022-02-28', 'INSURANCE_COST', '10 Nolu Araç 2022-02 Sigorta Raporu', '{"summary": "Sigorta verisi", "insurance_paid": 1716}');
INSERT INTO reports (report_id, generated_date, type, title, data) VALUES (5110, '2022-03-28', 'INSURANCE_COST', '10 Nolu Araç 2022-03 Sigorta Raporu', '{"summary": "Sigorta verisi", "insurance_paid": 2700}');
INSERT INTO reports (report_id, generated_date, type, title, data) VALUES (5111, '2022-04-28', 'INSURANCE_COST', '10 Nolu Araç 2022-04 Sigorta Raporu', '{"summary": "Sigorta verisi", "insurance_paid": 2125}');
INSERT INTO reports (report_id, generated_date, type, title, data) VALUES (5112, '2022-05-28', 'INSURANCE_COST', '10 Nolu Araç 2022-05 Sigorta Raporu', '{"summary": "Sigorta verisi", "insurance_paid": 1119}');
INSERT INTO reports (report_id, generated_date, type, title, data) VALUES (5113, '2022-06-28', 'INSURANCE_COST', '10 Nolu Araç 2022-06 Sigorta Raporu', '{"summary": "Sigorta verisi", "insurance_paid": 1671}');
INSERT INTO reports (report_id, generated_date, type, title, data) VALUES (5114, '2022-07-28', 'INSURANCE_COST', '10 Nolu Araç 2022-07 Sigorta Raporu', '{"summary": "Sigorta verisi", "insurance_paid": 2686}');
INSERT INTO reports (report_id, generated_date, type, title, data) VALUES (5115, '2022-08-28', 'INSURANCE_COST', '10 Nolu Araç 2022-08 Sigorta Raporu', '{"summary": "Sigorta verisi", "insurance_paid": 2257}');
INSERT INTO reports (report_id, generated_date, type, title, data) VALUES (5116, '2022-09-28', 'INSURANCE_COST', '10 Nolu Araç 2022-09 Sigorta Raporu', '{"summary": "Sigorta verisi", "insurance_paid": 1947}');
INSERT INTO reports (report_id, generated_date, type, title, data) VALUES (5117, '2022-10-28', 'INSURANCE_COST', '10 Nolu Araç 2022-10 Sigorta Raporu', '{"summary": "Sigorta verisi", "insurance_paid": 2218}');
INSERT INTO reports (report_id, generated_date, type, title, data) VALUES (5118, '2022-11-28', 'INSURANCE_COST', '10 Nolu Araç 2022-11 Sigorta Raporu', '{"summary": "Sigorta verisi", "insurance_paid": 1146}');
INSERT INTO reports (report_id, generated_date, type, title, data) VALUES (5119, '2022-12-28', 'INSURANCE_COST', '10 Nolu Araç 2022-12 Sigorta Raporu', '{"summary": "Sigorta verisi", "insurance_paid": 2164}');
INSERT INTO reports (report_id, generated_date, type, title, data) VALUES (5120, '2022-01-28', 'INSURANCE_COST', '11 Nolu Araç 2022-01 Sigorta Raporu', '{"summary": "Sigorta verisi", "insurance_paid": 1032}');
INSERT INTO reports (report_id, generated_date, type, title, data) VALUES (5121, '2022-02-28', 'INSURANCE_COST', '11 Nolu Araç 2022-02 Sigorta Raporu', '{"summary": "Sigorta verisi", "insurance_paid": 2482}');
INSERT INTO reports (report_id, generated_date, type, title, data) VALUES (5122, '2022-03-28', 'INSURANCE_COST', '11 Nolu Araç 2022-03 Sigorta Raporu', '{"summary": "Sigorta verisi", "insurance_paid": 2291}');
INSERT INTO reports (report_id, generated_date, type, title, data) VALUES (5123, '2022-04-28', 'INSURANCE_COST', '11 Nolu Araç 2022-04 Sigorta Raporu', '{"summary": "Sigorta verisi", "insurance_paid": 2504}');
INSERT INTO reports (report_id, generated_date, type, title, data) VALUES (5124, '2022-05-28', 'INSURANCE_COST', '11 Nolu Araç 2022-05 Sigorta Raporu', '{"summary": "Sigorta verisi", "insurance_paid": 2334}');
INSERT INTO reports (report_id, generated_date, type, title, data) VALUES (5125, '2022-06-28', 'INSURANCE_COST', '11 Nolu Araç 2022-06 Sigorta Raporu', '{"summary": "Sigorta verisi", "insurance_paid": 1293}');
INSERT INTO reports (report_id, generated_date, type, title, data) VALUES (5126, '2022-07-28', 'INSURANCE_COST', '11 Nolu Araç 2022-07 Sigorta Raporu', '{"summary": "Sigorta verisi", "insurance_paid": 1632}');
INSERT INTO reports (report_id, generated_date, type, title, data) VALUES (5127, '2022-08-28', 'INSURANCE_COST', '11 Nolu Araç 2022-08 Sigorta Raporu', '{"summary": "Sigorta verisi", "insurance_paid": 2502}');
INSERT INTO reports (report_id, generated_date, type, title, data) VALUES (5128, '2022-09-28', 'INSURANCE_COST', '11 Nolu Araç 2022-09 Sigorta Raporu', '{"summary": "Sigorta verisi", "insurance_paid": 2892}');
INSERT INTO reports (report_id, generated_date, type, title, data) VALUES (5129, '2022-10-28', 'INSURANCE_COST', '11 Nolu Araç 2022-10 Sigorta Raporu', '{"summary": "Sigorta verisi", "insurance_paid": 2527}');
INSERT INTO reports (report_id, generated_date, type, title, data) VALUES (5130, '2022-11-28', 'INSURANCE_COST', '11 Nolu Araç 2022-11 Sigorta Raporu', '{"summary": "Sigorta verisi", "insurance_paid": 1588}');
INSERT INTO reports (report_id, generated_date, type, title, data) VALUES (5131, '2022-12-28', 'INSURANCE_COST', '11 Nolu Araç 2022-12 Sigorta Raporu', '{"summary": "Sigorta verisi", "insurance_paid": 2015}');
INSERT INTO reports (report_id, generated_date, type, title, data) VALUES (5132, '2022-01-28', 'INSURANCE_COST', '12 Nolu Araç 2022-01 Sigorta Raporu', '{"summary": "Sigorta verisi", "insurance_paid": 2378}');
INSERT INTO reports (report_id, generated_date, type, title, data) VALUES (5133, '2022-02-28', 'INSURANCE_COST', '12 Nolu Araç 2022-02 Sigorta Raporu', '{"summary": "Sigorta verisi", "insurance_paid": 2492}');
INSERT INTO reports (report_id, generated_date, type, title, data) VALUES (5134, '2022-03-28', 'INSURANCE_COST', '12 Nolu Araç 2022-03 Sigorta Raporu', '{"summary": "Sigorta verisi", "insurance_paid": 1391}');
INSERT INTO reports (report_id, generated_date, type, title, data) VALUES (5135, '2022-04-28', 'INSURANCE_COST', '12 Nolu Araç 2022-04 Sigorta Raporu', '{"summary": "Sigorta verisi", "insurance_paid": 2363}');
INSERT INTO reports (report_id, generated_date, type, title, data) VALUES (5136, '2022-05-28', 'INSURANCE_COST', '12 Nolu Araç 2022-05 Sigorta Raporu', '{"summary": "Sigorta verisi", "insurance_paid": 1819}');
INSERT INTO reports (report_id, generated_date, type, title, data) VALUES (5137, '2022-06-28', 'INSURANCE_COST', '12 Nolu Araç 2022-06 Sigorta Raporu', '{"summary": "Sigorta verisi", "insurance_paid": 2308}');
INSERT INTO reports (report_id, generated_date, type, title, data) VALUES (5138, '2022-07-28', 'INSURANCE_COST', '12 Nolu Araç 2022-07 Sigorta Raporu', '{"summary": "Sigorta verisi", "insurance_paid": 2624}');
INSERT INTO reports (report_id, generated_date, type, title, data) VALUES (5139, '2022-08-28', 'INSURANCE_COST', '12 Nolu Araç 2022-08 Sigorta Raporu', '{"summary": "Sigorta verisi", "insurance_paid": 1083}');
INSERT INTO reports (report_id, generated_date, type, title, data) VALUES (5140, '2022-09-28', 'INSURANCE_COST', '12 Nolu Araç 2022-09 Sigorta Raporu', '{"summary": "Sigorta verisi", "insurance_paid": 2553}');
INSERT INTO reports (report_id, generated_date, type, title, data) VALUES (5141, '2022-10-28', 'INSURANCE_COST', '12 Nolu Araç 2022-10 Sigorta Raporu', '{"summary": "Sigorta verisi", "insurance_paid": 1510}');
INSERT INTO reports (report_id, generated_date, type, title, data) VALUES (5142, '2022-11-28', 'INSURANCE_COST', '12 Nolu Araç 2022-11 Sigorta Raporu', '{"summary": "Sigorta verisi", "insurance_paid": 2999}');
INSERT INTO reports (report_id, generated_date, type, title, data) VALUES (5143, '2022-12-28', 'INSURANCE_COST', '12 Nolu Araç 2022-12 Sigorta Raporu', '{"summary": "Sigorta verisi", "insurance_paid": 1773}');
INSERT INTO reports (report_id, generated_date, type, title, data) VALUES (5144, '2022-01-28', 'INSURANCE_COST', '13 Nolu Araç 2022-01 Sigorta Raporu', '{"summary": "Sigorta verisi", "insurance_paid": 1256}');
INSERT INTO reports (report_id, generated_date, type, title, data) VALUES (5145, '2022-02-28', 'INSURANCE_COST', '13 Nolu Araç 2022-02 Sigorta Raporu', '{"summary": "Sigorta verisi", "insurance_paid": 2018}');
INSERT INTO reports (report_id, generated_date, type, title, data) VALUES (5146, '2022-03-28', 'INSURANCE_COST', '13 Nolu Araç 2022-03 Sigorta Raporu', '{"summary": "Sigorta verisi", "insurance_paid": 1736}');
INSERT INTO reports (report_id, generated_date, type, title, data) VALUES (5147, '2022-04-28', 'INSURANCE_COST', '13 Nolu Araç 2022-04 Sigorta Raporu', '{"summary": "Sigorta verisi", "insurance_paid": 2590}');
INSERT INTO reports (report_id, generated_date, type, title, data) VALUES (5148, '2022-05-28', 'INSURANCE_COST', '13 Nolu Araç 2022-05 Sigorta Raporu', '{"summary": "Sigorta verisi", "insurance_paid": 2446}');
INSERT INTO reports (report_id, generated_date, type, title, data) VALUES (5149, '2022-06-28', 'INSURANCE_COST', '13 Nolu Araç 2022-06 Sigorta Raporu', '{"summary": "Sigorta verisi", "insurance_paid": 2623}');
INSERT INTO reports (report_id, generated_date, type, title, data) VALUES (5150, '2022-07-28', 'INSURANCE_COST', '13 Nolu Araç 2022-07 Sigorta Raporu', '{"summary": "Sigorta verisi", "insurance_paid": 2368}');
INSERT INTO reports (report_id, generated_date, type, title, data) VALUES (5151, '2022-08-28', 'INSURANCE_COST', '13 Nolu Araç 2022-08 Sigorta Raporu', '{"summary": "Sigorta verisi", "insurance_paid": 2525}');
INSERT INTO reports (report_id, generated_date, type, title, data) VALUES (5152, '2022-09-28', 'INSURANCE_COST', '13 Nolu Araç 2022-09 Sigorta Raporu', '{"summary": "Sigorta verisi", "insurance_paid": 2075}');
INSERT INTO reports (report_id, generated_date, type, title, data) VALUES (5153, '2022-10-28', 'INSURANCE_COST', '13 Nolu Araç 2022-10 Sigorta Raporu', '{"summary": "Sigorta verisi", "insurance_paid": 2480}');
INSERT INTO reports (report_id, generated_date, type, title, data) VALUES (5154, '2022-11-28', 'INSURANCE_COST', '13 Nolu Araç 2022-11 Sigorta Raporu', '{"summary": "Sigorta verisi", "insurance_paid": 1551}');
INSERT INTO reports (report_id, generated_date, type, title, data) VALUES (5155, '2022-12-28', 'INSURANCE_COST', '13 Nolu Araç 2022-12 Sigorta Raporu', '{"summary": "Sigorta verisi", "insurance_paid": 1144}');
INSERT INTO reports (report_id, generated_date, type, title, data) VALUES (5156, '2022-01-28', 'INSURANCE_COST', '14 Nolu Araç 2022-01 Sigorta Raporu', '{"summary": "Sigorta verisi", "insurance_paid": 1083}');
INSERT INTO reports (report_id, generated_date, type, title, data) VALUES (5157, '2022-02-28', 'INSURANCE_COST', '14 Nolu Araç 2022-02 Sigorta Raporu', '{"summary": "Sigorta verisi", "insurance_paid": 1200}');
INSERT INTO reports (report_id, generated_date, type, title, data) VALUES (5158, '2022-03-28', 'INSURANCE_COST', '14 Nolu Araç 2022-03 Sigorta Raporu', '{"summary": "Sigorta verisi", "insurance_paid": 1042}');
INSERT INTO reports (report_id, generated_date, type, title, data) VALUES (5159, '2022-04-28', 'INSURANCE_COST', '14 Nolu Araç 2022-04 Sigorta Raporu', '{"summary": "Sigorta verisi", "insurance_paid": 1119}');
INSERT INTO reports (report_id, generated_date, type, title, data) VALUES (5160, '2022-05-28', 'INSURANCE_COST', '14 Nolu Araç 2022-05 Sigorta Raporu', '{"summary": "Sigorta verisi", "insurance_paid": 2611}');
INSERT INTO reports (report_id, generated_date, type, title, data) VALUES (5161, '2022-06-28', 'INSURANCE_COST', '14 Nolu Araç 2022-06 Sigorta Raporu', '{"summary": "Sigorta verisi", "insurance_paid": 2481}');
INSERT INTO reports (report_id, generated_date, type, title, data) VALUES (5162, '2022-07-28', 'INSURANCE_COST', '14 Nolu Araç 2022-07 Sigorta Raporu', '{"summary": "Sigorta verisi", "insurance_paid": 1863}');
INSERT INTO reports (report_id, generated_date, type, title, data) VALUES (5163, '2022-08-28', 'INSURANCE_COST', '14 Nolu Araç 2022-08 Sigorta Raporu', '{"summary": "Sigorta verisi", "insurance_paid": 2318}');
INSERT INTO reports (report_id, generated_date, type, title, data) VALUES (5164, '2022-09-28', 'INSURANCE_COST', '14 Nolu Araç 2022-09 Sigorta Raporu', '{"summary": "Sigorta verisi", "insurance_paid": 2693}');
INSERT INTO reports (report_id, generated_date, type, title, data) VALUES (5165, '2022-10-28', 'INSURANCE_COST', '14 Nolu Araç 2022-10 Sigorta Raporu', '{"summary": "Sigorta verisi", "insurance_paid": 2681}');
INSERT INTO reports (report_id, generated_date, type, title, data) VALUES (5166, '2022-11-28', 'INSURANCE_COST', '14 Nolu Araç 2022-11 Sigorta Raporu', '{"summary": "Sigorta verisi", "insurance_paid": 1886}');
INSERT INTO reports (report_id, generated_date, type, title, data) VALUES (5167, '2022-12-28', 'INSURANCE_COST', '14 Nolu Araç 2022-12 Sigorta Raporu', '{"summary": "Sigorta verisi", "insurance_paid": 1851}');
INSERT INTO reports (report_id, generated_date, type, title, data) VALUES (5168, '2022-01-28', 'INSURANCE_COST', '15 Nolu Araç 2022-01 Sigorta Raporu', '{"summary": "Sigorta verisi", "insurance_paid": 2023}');
INSERT INTO reports (report_id, generated_date, type, title, data) VALUES (5169, '2022-02-28', 'INSURANCE_COST', '15 Nolu Araç 2022-02 Sigorta Raporu', '{"summary": "Sigorta verisi", "insurance_paid": 1177}');
INSERT INTO reports (report_id, generated_date, type, title, data) VALUES (5170, '2022-03-28', 'INSURANCE_COST', '15 Nolu Araç 2022-03 Sigorta Raporu', '{"summary": "Sigorta verisi", "insurance_paid": 1588}');
INSERT INTO reports (report_id, generated_date, type, title, data) VALUES (5171, '2022-04-28', 'INSURANCE_COST', '15 Nolu Araç 2022-04 Sigorta Raporu', '{"summary": "Sigorta verisi", "insurance_paid": 2133}');
INSERT INTO reports (report_id, generated_date, type, title, data) VALUES (5172, '2022-05-28', 'INSURANCE_COST', '15 Nolu Araç 2022-05 Sigorta Raporu', '{"summary": "Sigorta verisi", "insurance_paid": 1143}');
INSERT INTO reports (report_id, generated_date, type, title, data) VALUES (5173, '2022-06-28', 'INSURANCE_COST', '15 Nolu Araç 2022-06 Sigorta Raporu', '{"summary": "Sigorta verisi", "insurance_paid": 2970}');
INSERT INTO reports (report_id, generated_date, type, title, data) VALUES (5174, '2022-07-28', 'INSURANCE_COST', '15 Nolu Araç 2022-07 Sigorta Raporu', '{"summary": "Sigorta verisi", "insurance_paid": 1486}');
INSERT INTO reports (report_id, generated_date, type, title, data) VALUES (5175, '2022-08-28', 'INSURANCE_COST', '15 Nolu Araç 2022-08 Sigorta Raporu', '{"summary": "Sigorta verisi", "insurance_paid": 1453}');
INSERT INTO reports (report_id, generated_date, type, title, data) VALUES (5176, '2022-09-28', 'INSURANCE_COST', '15 Nolu Araç 2022-09 Sigorta Raporu', '{"summary": "Sigorta verisi", "insurance_paid": 1315}');
INSERT INTO reports (report_id, generated_date, type, title, data) VALUES (5177, '2022-10-28', 'INSURANCE_COST', '15 Nolu Araç 2022-10 Sigorta Raporu', '{"summary": "Sigorta verisi", "insurance_paid": 2115}');
INSERT INTO reports (report_id, generated_date, type, title, data) VALUES (5178, '2022-11-28', 'INSURANCE_COST', '15 Nolu Araç 2022-11 Sigorta Raporu', '{"summary": "Sigorta verisi", "insurance_paid": 1728}');
INSERT INTO reports (report_id, generated_date, type, title, data) VALUES (5179, '2022-12-28', 'INSURANCE_COST', '15 Nolu Araç 2022-12 Sigorta Raporu', '{"summary": "Sigorta verisi", "insurance_paid": 1867}');
INSERT INTO expense_tracker (tracker_id, company_id, expense_type) VALUES (6000, 1, 'INSURANCE');
INSERT INTO expense_tracker (tracker_id, company_id, expense_type) VALUES (6001, 1, 'INSURANCE');
INSERT INTO expense_tracker (tracker_id, company_id, expense_type) VALUES (6002, 1, 'INSURANCE');
INSERT INTO expense_tracker (tracker_id, company_id, expense_type) VALUES (6003, 1, 'INSURANCE');
INSERT INTO expense_tracker (tracker_id, company_id, expense_type) VALUES (6004, 1, 'INSURANCE');
INSERT INTO expense_tracker (tracker_id, company_id, expense_type) VALUES (6005, 2, 'INSURANCE');
INSERT INTO expense_tracker (tracker_id, company_id, expense_type) VALUES (6006, 2, 'INSURANCE');
INSERT INTO expense_tracker (tracker_id, company_id, expense_type) VALUES (6007, 2, 'INSURANCE');
INSERT INTO expense_tracker (tracker_id, company_id, expense_type) VALUES (6008, 2, 'INSURANCE');
INSERT INTO expense_tracker (tracker_id, company_id, expense_type) VALUES (6009, 2, 'INSURANCE');
INSERT INTO expense_tracker (tracker_id, company_id, expense_type) VALUES (6010, 3, 'INSURANCE');
INSERT INTO expense_tracker (tracker_id, company_id, expense_type) VALUES (6011, 3, 'INSURANCE');
INSERT INTO expense_tracker (tracker_id, company_id, expense_type) VALUES (6012, 3, 'INSURANCE');
INSERT INTO expense_tracker (tracker_id, company_id, expense_type) VALUES (6013, 3, 'INSURANCE');
INSERT INTO expense_tracker (tracker_id, company_id, expense_type) VALUES (6014, 3, 'INSURANCE');
INSERT INTO expense_reports (tracker_id, report_id) VALUES (6000, 5000);
INSERT INTO expense_reports (tracker_id, report_id) VALUES (6000, 5001);
INSERT INTO expense_reports (tracker_id, report_id) VALUES (6000, 5002);
INSERT INTO expense_reports (tracker_id, report_id) VALUES (6000, 5003);
INSERT INTO expense_reports (tracker_id, report_id) VALUES (6000, 5004);
INSERT INTO expense_reports (tracker_id, report_id) VALUES (6000, 5005);
INSERT INTO expense_reports (tracker_id, report_id) VALUES (6000, 5006);
INSERT INTO expense_reports (tracker_id, report_id) VALUES (6000, 5007);
INSERT INTO expense_reports (tracker_id, report_id) VALUES (6000, 5008);
INSERT INTO expense_reports (tracker_id, report_id) VALUES (6000, 5009);
INSERT INTO expense_reports (tracker_id, report_id) VALUES (6000, 5010);
INSERT INTO expense_reports (tracker_id, report_id) VALUES (6000, 5011);
INSERT INTO expense_reports (tracker_id, report_id) VALUES (6001, 5012);
INSERT INTO expense_reports (tracker_id, report_id) VALUES (6001, 5013);
INSERT INTO expense_reports (tracker_id, report_id) VALUES (6001, 5014);
INSERT INTO expense_reports (tracker_id, report_id) VALUES (6001, 5015);
INSERT INTO expense_reports (tracker_id, report_id) VALUES (6001, 5016);
INSERT INTO expense_reports (tracker_id, report_id) VALUES (6001, 5017);
INSERT INTO expense_reports (tracker_id, report_id) VALUES (6001, 5018);
INSERT INTO expense_reports (tracker_id, report_id) VALUES (6001, 5019);
INSERT INTO expense_reports (tracker_id, report_id) VALUES (6001, 5020);
INSERT INTO expense_reports (tracker_id, report_id) VALUES (6001, 5021);
INSERT INTO expense_reports (tracker_id, report_id) VALUES (6001, 5022);
INSERT INTO expense_reports (tracker_id, report_id) VALUES (6001, 5023);
INSERT INTO expense_reports (tracker_id, report_id) VALUES (6002, 5024);
INSERT INTO expense_reports (tracker_id, report_id) VALUES (6002, 5025);
INSERT INTO expense_reports (tracker_id, report_id) VALUES (6002, 5026);
INSERT INTO expense_reports (tracker_id, report_id) VALUES (6002, 5027);
INSERT INTO expense_reports (tracker_id, report_id) VALUES (6002, 5028);
INSERT INTO expense_reports (tracker_id, report_id) VALUES (6002, 5029);
INSERT INTO expense_reports (tracker_id, report_id) VALUES (6002, 5030);
INSERT INTO expense_reports (tracker_id, report_id) VALUES (6002, 5031);
INSERT INTO expense_reports (tracker_id, report_id) VALUES (6002, 5032);
INSERT INTO expense_reports (tracker_id, report_id) VALUES (6002, 5033);
INSERT INTO expense_reports (tracker_id, report_id) VALUES (6002, 5034);
INSERT INTO expense_reports (tracker_id, report_id) VALUES (6002, 5035);
INSERT INTO expense_reports (tracker_id, report_id) VALUES (6003, 5036);
INSERT INTO expense_reports (tracker_id, report_id) VALUES (6003, 5037);
INSERT INTO expense_reports (tracker_id, report_id) VALUES (6003, 5038);
INSERT INTO expense_reports (tracker_id, report_id) VALUES (6003, 5039);
INSERT INTO expense_reports (tracker_id, report_id) VALUES (6003, 5040);
INSERT INTO expense_reports (tracker_id, report_id) VALUES (6003, 5041);
INSERT INTO expense_reports (tracker_id, report_id) VALUES (6003, 5042);
INSERT INTO expense_reports (tracker_id, report_id) VALUES (6003, 5043);
INSERT INTO expense_reports (tracker_id, report_id) VALUES (6003, 5044);
INSERT INTO expense_reports (tracker_id, report_id) VALUES (6003, 5045);
INSERT INTO expense_reports (tracker_id, report_id) VALUES (6003, 5046);
INSERT INTO expense_reports (tracker_id, report_id) VALUES (6003, 5047);
INSERT INTO expense_reports (tracker_id, report_id) VALUES (6004, 5048);
INSERT INTO expense_reports (tracker_id, report_id) VALUES (6004, 5049);
INSERT INTO expense_reports (tracker_id, report_id) VALUES (6004, 5050);
INSERT INTO expense_reports (tracker_id, report_id) VALUES (6004, 5051);
INSERT INTO expense_reports (tracker_id, report_id) VALUES (6004, 5052);
INSERT INTO expense_reports (tracker_id, report_id) VALUES (6004, 5053);
INSERT INTO expense_reports (tracker_id, report_id) VALUES (6004, 5054);
INSERT INTO expense_reports (tracker_id, report_id) VALUES (6004, 5055);
INSERT INTO expense_reports (tracker_id, report_id) VALUES (6004, 5056);
INSERT INTO expense_reports (tracker_id, report_id) VALUES (6004, 5057);
INSERT INTO expense_reports (tracker_id, report_id) VALUES (6004, 5058);
INSERT INTO expense_reports (tracker_id, report_id) VALUES (6004, 5059);
INSERT INTO expense_reports (tracker_id, report_id) VALUES (6005, 5060);
INSERT INTO expense_reports (tracker_id, report_id) VALUES (6005, 5061);
INSERT INTO expense_reports (tracker_id, report_id) VALUES (6005, 5062);
INSERT INTO expense_reports (tracker_id, report_id) VALUES (6005, 5063);
INSERT INTO expense_reports (tracker_id, report_id) VALUES (6005, 5064);
INSERT INTO expense_reports (tracker_id, report_id) VALUES (6005, 5065);
INSERT INTO expense_reports (tracker_id, report_id) VALUES (6005, 5066);
INSERT INTO expense_reports (tracker_id, report_id) VALUES (6005, 5067);
INSERT INTO expense_reports (tracker_id, report_id) VALUES (6005, 5068);
INSERT INTO expense_reports (tracker_id, report_id) VALUES (6005, 5069);
INSERT INTO expense_reports (tracker_id, report_id) VALUES (6005, 5070);
INSERT INTO expense_reports (tracker_id, report_id) VALUES (6005, 5071);
INSERT INTO expense_reports (tracker_id, report_id) VALUES (6006, 5072);
INSERT INTO expense_reports (tracker_id, report_id) VALUES (6006, 5073);
INSERT INTO expense_reports (tracker_id, report_id) VALUES (6006, 5074);
INSERT INTO expense_reports (tracker_id, report_id) VALUES (6006, 5075);
INSERT INTO expense_reports (tracker_id, report_id) VALUES (6006, 5076);
INSERT INTO expense_reports (tracker_id, report_id) VALUES (6006, 5077);
INSERT INTO expense_reports (tracker_id, report_id) VALUES (6006, 5078);
INSERT INTO expense_reports (tracker_id, report_id) VALUES (6006, 5079);
INSERT INTO expense_reports (tracker_id, report_id) VALUES (6006, 5080);
INSERT INTO expense_reports (tracker_id, report_id) VALUES (6006, 5081);
INSERT INTO expense_reports (tracker_id, report_id) VALUES (6006, 5082);
INSERT INTO expense_reports (tracker_id, report_id) VALUES (6006, 5083);
INSERT INTO expense_reports (tracker_id, report_id) VALUES (6007, 5084);
INSERT INTO expense_reports (tracker_id, report_id) VALUES (6007, 5085);
INSERT INTO expense_reports (tracker_id, report_id) VALUES (6007, 5086);
INSERT INTO expense_reports (tracker_id, report_id) VALUES (6007, 5087);
INSERT INTO expense_reports (tracker_id, report_id) VALUES (6007, 5088);
INSERT INTO expense_reports (tracker_id, report_id) VALUES (6007, 5089);
INSERT INTO expense_reports (tracker_id, report_id) VALUES (6007, 5090);
INSERT INTO expense_reports (tracker_id, report_id) VALUES (6007, 5091);
INSERT INTO expense_reports (tracker_id, report_id) VALUES (6007, 5092);
INSERT INTO expense_reports (tracker_id, report_id) VALUES (6007, 5093);
INSERT INTO expense_reports (tracker_id, report_id) VALUES (6007, 5094);
INSERT INTO expense_reports (tracker_id, report_id) VALUES (6007, 5095);
INSERT INTO expense_reports (tracker_id, report_id) VALUES (6008, 5096);
INSERT INTO expense_reports (tracker_id, report_id) VALUES (6008, 5097);
INSERT INTO expense_reports (tracker_id, report_id) VALUES (6008, 5098);
INSERT INTO expense_reports (tracker_id, report_id) VALUES (6008, 5099);
INSERT INTO expense_reports (tracker_id, report_id) VALUES (6008, 5100);
INSERT INTO expense_reports (tracker_id, report_id) VALUES (6008, 5101);
INSERT INTO expense_reports (tracker_id, report_id) VALUES (6008, 5102);
INSERT INTO expense_reports (tracker_id, report_id) VALUES (6008, 5103);
INSERT INTO expense_reports (tracker_id, report_id) VALUES (6008, 5104);
INSERT INTO expense_reports (tracker_id, report_id) VALUES (6008, 5105);
INSERT INTO expense_reports (tracker_id, report_id) VALUES (6008, 5106);
INSERT INTO expense_reports (tracker_id, report_id) VALUES (6008, 5107);
INSERT INTO expense_reports (tracker_id, report_id) VALUES (6009, 5108);
INSERT INTO expense_reports (tracker_id, report_id) VALUES (6009, 5109);
INSERT INTO expense_reports (tracker_id, report_id) VALUES (6009, 5110);
INSERT INTO expense_reports (tracker_id, report_id) VALUES (6009, 5111);
INSERT INTO expense_reports (tracker_id, report_id) VALUES (6009, 5112);
INSERT INTO expense_reports (tracker_id, report_id) VALUES (6009, 5113);
INSERT INTO expense_reports (tracker_id, report_id) VALUES (6009, 5114);
INSERT INTO expense_reports (tracker_id, report_id) VALUES (6009, 5115);
INSERT INTO expense_reports (tracker_id, report_id) VALUES (6009, 5116);
INSERT INTO expense_reports (tracker_id, report_id) VALUES (6009, 5117);
INSERT INTO expense_reports (tracker_id, report_id) VALUES (6009, 5118);
INSERT INTO expense_reports (tracker_id, report_id) VALUES (6009, 5119);
INSERT INTO expense_reports (tracker_id, report_id) VALUES (6010, 5120);
INSERT INTO expense_reports (tracker_id, report_id) VALUES (6010, 5121);
INSERT INTO expense_reports (tracker_id, report_id) VALUES (6010, 5122);
INSERT INTO expense_reports (tracker_id, report_id) VALUES (6010, 5123);
INSERT INTO expense_reports (tracker_id, report_id) VALUES (6010, 5124);
INSERT INTO expense_reports (tracker_id, report_id) VALUES (6010, 5125);
INSERT INTO expense_reports (tracker_id, report_id) VALUES (6010, 5126);
INSERT INTO expense_reports (tracker_id, report_id) VALUES (6010, 5127);
INSERT INTO expense_reports (tracker_id, report_id) VALUES (6010, 5128);
INSERT INTO expense_reports (tracker_id, report_id) VALUES (6010, 5129);
INSERT INTO expense_reports (tracker_id, report_id) VALUES (6010, 5130);
INSERT INTO expense_reports (tracker_id, report_id) VALUES (6010, 5131);
INSERT INTO expense_reports (tracker_id, report_id) VALUES (6011, 5132);
INSERT INTO expense_reports (tracker_id, report_id) VALUES (6011, 5133);
INSERT INTO expense_reports (tracker_id, report_id) VALUES (6011, 5134);
INSERT INTO expense_reports (tracker_id, report_id) VALUES (6011, 5135);
INSERT INTO expense_reports (tracker_id, report_id) VALUES (6011, 5136);
INSERT INTO expense_reports (tracker_id, report_id) VALUES (6011, 5137);
INSERT INTO expense_reports (tracker_id, report_id) VALUES (6011, 5138);
INSERT INTO expense_reports (tracker_id, report_id) VALUES (6011, 5139);
INSERT INTO expense_reports (tracker_id, report_id) VALUES (6011, 5140);
INSERT INTO expense_reports (tracker_id, report_id) VALUES (6011, 5141);
INSERT INTO expense_reports (tracker_id, report_id) VALUES (6011, 5142);
INSERT INTO expense_reports (tracker_id, report_id) VALUES (6011, 5143);
INSERT INTO expense_reports (tracker_id, report_id) VALUES (6012, 5144);
INSERT INTO expense_reports (tracker_id, report_id) VALUES (6012, 5145);
INSERT INTO expense_reports (tracker_id, report_id) VALUES (6012, 5146);
INSERT INTO expense_reports (tracker_id, report_id) VALUES (6012, 5147);
INSERT INTO expense_reports (tracker_id, report_id) VALUES (6012, 5148);
INSERT INTO expense_reports (tracker_id, report_id) VALUES (6012, 5149);
INSERT INTO expense_reports (tracker_id, report_id) VALUES (6012, 5150);
INSERT INTO expense_reports (tracker_id, report_id) VALUES (6012, 5151);
INSERT INTO expense_reports (tracker_id, report_id) VALUES (6012, 5152);
INSERT INTO expense_reports (tracker_id, report_id) VALUES (6012, 5153);
INSERT INTO expense_reports (tracker_id, report_id) VALUES (6012, 5154);
INSERT INTO expense_reports (tracker_id, report_id) VALUES (6012, 5155);
INSERT INTO expense_reports (tracker_id, report_id) VALUES (6013, 5156);
INSERT INTO expense_reports (tracker_id, report_id) VALUES (6013, 5157);
INSERT INTO expense_reports (tracker_id, report_id) VALUES (6013, 5158);
INSERT INTO expense_reports (tracker_id, report_id) VALUES (6013, 5159);
INSERT INTO expense_reports (tracker_id, report_id) VALUES (6013, 5160);
INSERT INTO expense_reports (tracker_id, report_id) VALUES (6013, 5161);
INSERT INTO expense_reports (tracker_id, report_id) VALUES (6013, 5162);
INSERT INTO expense_reports (tracker_id, report_id) VALUES (6013, 5163);
INSERT INTO expense_reports (tracker_id, report_id) VALUES (6013, 5164);
INSERT INTO expense_reports (tracker_id, report_id) VALUES (6013, 5165);
INSERT INTO expense_reports (tracker_id, report_id) VALUES (6013, 5166);
INSERT INTO expense_reports (tracker_id, report_id) VALUES (6013, 5167);
INSERT INTO expense_reports (tracker_id, report_id) VALUES (6014, 5168);
INSERT INTO expense_reports (tracker_id, report_id) VALUES (6014, 5169);
INSERT INTO expense_reports (tracker_id, report_id) VALUES (6014, 5170);
INSERT INTO expense_reports (tracker_id, report_id) VALUES (6014, 5171);
INSERT INTO expense_reports (tracker_id, report_id) VALUES (6014, 5172);
INSERT INTO expense_reports (tracker_id, report_id) VALUES (6014, 5173);
INSERT INTO expense_reports (tracker_id, report_id) VALUES (6014, 5174);
INSERT INTO expense_reports (tracker_id, report_id) VALUES (6014, 5175);
INSERT INTO expense_reports (tracker_id, report_id) VALUES (6014, 5176);
INSERT INTO expense_reports (tracker_id, report_id) VALUES (6014, 5177);
INSERT INTO expense_reports (tracker_id, report_id) VALUES (6014, 5178);
INSERT INTO expense_reports (tracker_id, report_id) VALUES (6014, 5179);