INSERT INTO services (vehicle_id, service_date, service_type, description, cost, is_covered_by_insurance) VALUES (1, '2023-01-15', 'REGULAR_MAINTENANCE', 'Aylık bakım', 1081, FALSE);
INSERT INTO services (vehicle_id, service_date, service_type, description, cost, is_covered_by_insurance) VALUES (1, '2023-02-15', 'REGULAR_MAINTENANCE', 'Aylık bakım', 1030, TRUE);
INSERT INTO services (vehicle_id, service_date, service_type, description, cost, is_covered_by_insurance) VALUES (1, '2023-03-15', 'REGULAR_MAINTENANCE', 'Aylık bakım', 1372, TRUE);
INSERT INTO services (vehicle_id, service_date, service_type, description, cost, is_covered_by_insurance) VALUES (1, '2023-04-15', 'REGULAR_MAINTENANCE', 'Aylık bakım', 1128, FALSE);
INSERT INTO services (vehicle_id, service_date, service_type, description, cost, is_covered_by_insurance) VALUES (1, '2023-05-15', 'REGULAR_MAINTENANCE', 'Aylık bakım', 735, TRUE);
INSERT INTO services (vehicle_id, service_date, service_type, description, cost, is_covered_by_insurance) VALUES (1, '2023-06-15', 'REGULAR_MAINTENANCE', 'Aylık bakım', 1162, FALSE);
INSERT INTO services (vehicle_id, service_date, service_type, description, cost, is_covered_by_insurance) VALUES (1, '2023-07-15', 'REGULAR_MAINTENANCE', 'Aylık bakım', 1123, FALSE);
INSERT INTO services (vehicle_id, service_date, service_type, description, cost, is_covered_by_insurance) VALUES (1, '2023-08-15', 'REGULAR_MAINTENANCE', 'Aylık bakım', 1089, TRUE);
INSERT INTO services (vehicle_id, service_date, service_type, description, cost, is_covered_by_insurance) VALUES (1, '2023-09-15', 'REGULAR_MAINTENANCE', 'Aylık bakım', 792, FALSE);
INSERT INTO services (vehicle_id, service_date, service_type, description, cost, is_covered_by_insurance) VALUES (1, '2023-10-15', 'REGULAR_MAINTENANCE', 'Aylık bakım', 1302, TRUE);
INSERT INTO services (vehicle_id, service_date, service_type, description, cost, is_covered_by_insurance) VALUES (1, '2023-11-15', 'REGULAR_MAINTENANCE', 'Aylık bakım', 871, FALSE);
INSERT INTO services (vehicle_id, service_date, service_type, description, cost, is_covered_by_insurance) VALUES (1, '2023-12-15', 'REGULAR_MAINTENANCE', 'Aylık bakım', 1395, TRUE);
INSERT INTO services (vehicle_id, service_date, service_type, description, cost, is_covered_by_insurance) VALUES (2, '2023-01-15', 'REGULAR_MAINTENANCE', 'Aylık bakım', 714, TRUE);
INSERT INTO services (vehicle_id, service_date, service_type, description, cost, is_covered_by_insurance) VALUES (2, '2023-02-15', 'REGULAR_MAINTENANCE', 'Aylık bakım', 1417, FALSE);
INSERT INTO services (vehicle_id, service_date, service_type, description, cost, is_covered_by_insurance) VALUES (2, '2023-03-15', 'REGULAR_MAINTENANCE', 'Aylık bakım', 1319, TRUE);
INSERT INTO services (vehicle_id, service_date, service_type, description, cost, is_covered_by_insurance) VALUES (2, '2023-04-15', 'REGULAR_MAINTENANCE', 'Aylık bakım', 1073, TRUE);
INSERT INTO services (vehicle_id, service_date, service_type, description, cost, is_covered_by_insurance) VALUES (2, '2023-05-15', 'REGULAR_MAINTENANCE', 'Aylık bakım', 533, FALSE);
INSERT INTO services (vehicle_id, service_date, service_type, description, cost, is_covered_by_insurance) VALUES (2, '2023-06-15', 'REGULAR_MAINTENANCE', 'Aylık bakım', 1023, TRUE);
INSERT INTO services (vehicle_id, service_date, service_type, description, cost, is_covered_by_insurance) VALUES (2, '2023-07-15', 'REGULAR_MAINTENANCE', 'Aylık bakım', 517, FALSE);
INSERT INTO services (vehicle_id, service_date, service_type, description, cost, is_covered_by_insurance) VALUES (2, '2023-08-15', 'REGULAR_MAINTENANCE', 'Aylık bakım', 943, TRUE);
INSERT INTO services (vehicle_id, service_date, service_type, description, cost, is_covered_by_insurance) VALUES (2, '2023-09-15', 'REGULAR_MAINTENANCE', 'Aylık bakım', 1447, FALSE);
INSERT INTO services (vehicle_id, service_date, service_type, description, cost, is_covered_by_insurance) VALUES (2, '2023-10-15', 'REGULAR_MAINTENANCE', 'Aylık bakım', 650, FALSE);
INSERT INTO services (vehicle_id, service_date, service_type, description, cost, is_covered_by_insurance) VALUES (2, '2023-11-15', 'REGULAR_MAINTENANCE', 'Aylık bakım', 1009, TRUE);
INSERT INTO services (vehicle_id, service_date, service_type, description, cost, is_covered_by_insurance) VALUES (2, '2023-12-15', 'REGULAR_MAINTENANCE', 'Aylık bakım', 1411, FALSE);
INSERT INTO services (vehicle_id, service_date, service_type, description, cost, is_covered_by_insurance) VALUES (3, '2023-01-15', 'REGULAR_MAINTENANCE', 'Aylık bakım', 715, TRUE);
INSERT INTO services (vehicle_id, service_date, service_type, description, cost, is_covered_by_insurance) VALUES (3, '2023-02-15', 'REGULAR_MAINTENANCE', 'Aylık bakım', 1009, TRUE);
INSERT INTO services (vehicle_id, service_date, service_type, description, cost, is_covered_by_insurance) VALUES (3, '2023-03-15', 'REGULAR_MAINTENANCE', 'Aylık bakım', 641, FALSE);
INSERT INTO services (vehicle_id, service_date, service_type, description, cost, is_covered_by_insurance) VALUES (3, '2023-04-15', 'REGULAR_MAINTENANCE', 'Aylık bakım', 741, TRUE);
INSERT INTO services (vehicle_id, service_date, service_type, description, cost, is_covered_by_insurance) VALUES (3, '2023-05-15', 'REGULAR_MAINTENANCE', 'Aylık bakım', 857, FALSE);
INSERT INTO services (vehicle_id, service_date, service_type, description, cost, is_covered_by_insurance) VALUES (3, '2023-06-15', 'REGULAR_MAINTENANCE', 'Aylık bakım', 1246, TRUE);
INSERT INTO services (vehicle_id, service_date, service_type, description, cost, is_covered_by_insurance) VALUES (3, '2023-07-15', 'REGULAR_MAINTENANCE', 'Aylık bakım', 1139, TRUE);
INSERT INTO services (vehicle_id, service_date, service_type, description, cost, is_covered_by_insurance) VALUES (3, '2023-08-15', 'REGULAR_MAINTENANCE', 'Aylık bakım', 1043, FALSE);
INSERT INTO services (vehicle_id, service_date, service_type, description, cost, is_covered_by_insurance) VALUES (3, '2023-09-15', 'REGULAR_MAINTENANCE', 'Aylık bakım', 1480, FALSE);
INSERT INTO services (vehicle_id, service_date, service_type, description, cost, is_covered_by_insurance) VALUES (3, '2023-10-15', 'REGULAR_MAINTENANCE', 'Aylık bakım', 1438, FALSE);
INSERT INTO services (vehicle_id, service_date, service_type, description, cost, is_covered_by_insurance) VALUES (3, '2023-11-15', 'REGULAR_MAINTENANCE', 'Aylık bakım', 638, FALSE);
INSERT INTO services (vehicle_id, service_date, service_type, description, cost, is_covered_by_insurance) VALUES (3, '2023-12-15', 'REGULAR_MAINTENANCE', 'Aylık bakım', 837, FALSE);
INSERT INTO services (vehicle_id, service_date, service_type, description, cost, is_covered_by_insurance) VALUES (4, '2023-01-15', 'REGULAR_MAINTENANCE', 'Aylık bakım', 650, FALSE);
INSERT INTO services (vehicle_id, service_date, service_type, description, cost, is_covered_by_insurance) VALUES (4, '2023-02-15', 'REGULAR_MAINTENANCE', 'Aylık bakım', 936, TRUE);
INSERT INTO services (vehicle_id, service_date, service_type, description, cost, is_covered_by_insurance) VALUES (4, '2023-03-15', 'REGULAR_MAINTENANCE', 'Aylık bakım', 996, TRUE);
INSERT INTO services (vehicle_id, service_date, service_type, description, cost, is_covered_by_insurance) VALUES (4, '2023-04-15', 'REGULAR_MAINTENANCE', 'Aylık bakım', 1491, TRUE);
INSERT INTO services (vehicle_id, service_date, service_type, description, cost, is_covered_by_insurance) VALUES (4, '2023-05-15', 'REGULAR_MAINTENANCE', 'Aylık bakım', 1155, FALSE);
INSERT INTO services (vehicle_id, service_date, service_type, description, cost, is_covered_by_insurance) VALUES (4, '2023-06-15', 'REGULAR_MAINTENANCE', 'Aylık bakım', 1001, TRUE);
INSERT INTO services (vehicle_id, service_date, service_type, description, cost, is_covered_by_insurance) VALUES (4, '2023-07-15', 'REGULAR_MAINTENANCE', 'Aylık bakım', 1405, TRUE);
INSERT INTO services (vehicle_id, service_date, service_type, description, cost, is_covered_by_insurance) VALUES (4, '2023-08-15', 'REGULAR_MAINTENANCE', 'Aylık bakım', 1028, TRUE);
INSERT INTO services (vehicle_id, service_date, service_type, description, cost, is_covered_by_insurance) VALUES (4, '2023-09-15', 'REGULAR_MAINTENANCE', 'Aylık bakım', 1235, FALSE);
INSERT INTO services (vehicle_id, service_date, service_type, description, cost, is_covered_by_insurance) VALUES (4, '2023-10-15', 'REGULAR_MAINTENANCE', 'Aylık bakım', 1201, FALSE);
INSERT INTO services (vehicle_id, service_date, service_type, description, cost, is_covered_by_insurance) VALUES (4, '2023-11-15', 'REGULAR_MAINTENANCE', 'Aylık bakım', 637, FALSE);
INSERT INTO services (vehicle_id, service_date, service_type, description, cost, is_covered_by_insurance) VALUES (4, '2023-12-15', 'REGULAR_MAINTENANCE', 'Aylık bakım', 864, TRUE);
INSERT INTO services (vehicle_id, service_date, service_type, description, cost, is_covered_by_insurance) VALUES (5, '2023-01-15', 'REGULAR_MAINTENANCE', 'Aylık bakım', 601, FALSE);
INSERT INTO services (vehicle_id, service_date, service_type, description, cost, is_covered_by_insurance) VALUES (5, '2023-02-15', 'REGULAR_MAINTENANCE', 'Aylık bakım', 576, FALSE);
INSERT INTO services (vehicle_id, service_date, service_type, description, cost, is_covered_by_insurance) VALUES (5, '2023-03-15', 'REGULAR_MAINTENANCE', 'Aylık bakım', 904, FALSE);
INSERT INTO services (vehicle_id, service_date, service_type, description, cost, is_covered_by_insurance) VALUES (5, '2023-04-15', 'REGULAR_MAINTENANCE', 'Aylık bakım', 1498, TRUE);
INSERT INTO services (vehicle_id, service_date, service_type, description, cost, is_covered_by_insurance) VALUES (5, '2023-05-15', 'REGULAR_MAINTENANCE', 'Aylık bakım', 716, TRUE);
INSERT INTO services (vehicle_id, service_date, service_type, description, cost, is_covered_by_insurance) VALUES (5, '2023-06-15', 'REGULAR_MAINTENANCE', 'Aylık bakım', 1274, TRUE);
INSERT INTO services (vehicle_id, service_date, service_type, description, cost, is_covered_by_insurance) VALUES (5, '2023-07-15', 'REGULAR_MAINTENANCE', 'Aylık bakım', 868, FALSE);
INSERT INTO services (vehicle_id, service_date, service_type, description, cost, is_covered_by_insurance) VALUES (5, '2023-08-15', 'REGULAR_MAINTENANCE', 'Aylık bakım', 911, TRUE);
INSERT INTO services (vehicle_id, service_date, service_type, description, cost, is_covered_by_insurance) VALUES (5, '2023-09-15', 'REGULAR_MAINTENANCE', 'Aylık bakım', 1325, FALSE);
INSERT INTO services (vehicle_id, service_date, service_type, description, cost, is_covered_by_insurance) VALUES (5, '2023-10-15', 'REGULAR_MAINTENANCE', 'Aylık bakım', 551, TRUE);
INSERT INTO services (vehicle_id, service_date, service_type, description, cost, is_covered_by_insurance) VALUES (5, '2023-11-15', 'REGULAR_MAINTENANCE', 'Aylık bakım', 1304, TRUE);
INSERT INTO services (vehicle_id, service_date, service_type, description, cost, is_covered_by_insurance) VALUES (5, '2023-12-15', 'REGULAR_MAINTENANCE', 'Aylık bakım', 1040, TRUE);
INSERT INTO services (vehicle_id, service_date, service_type, description, cost, is_covered_by_insurance) VALUES (6, '2023-01-15', 'REGULAR_MAINTENANCE', 'Aylık bakım', 536, FALSE);
INSERT INTO services (vehicle_id, service_date, service_type, description, cost, is_covered_by_insurance) VALUES (6, '2023-02-15', 'REGULAR_MAINTENANCE', 'Aylık bakım', 942, FALSE);
INSERT INTO services (vehicle_id, service_date, service_type, description, cost, is_covered_by_insurance) VALUES (6, '2023-03-15', 'REGULAR_MAINTENANCE', 'Aylık bakım', 732, FALSE);
INSERT INTO services (vehicle_id, service_date, service_type, description, cost, is_covered_by_insurance) VALUES (6, '2023-04-15', 'REGULAR_MAINTENANCE', 'Aylık bakım', 1296, TRUE);
INSERT INTO services (vehicle_id, service_date, service_type, description, cost, is_covered_by_insurance) VALUES (6, '2023-05-15', 'REGULAR_MAINTENANCE', 'Aylık bakım', 1480, FALSE);
INSERT INTO services (vehicle_id, service_date, service_type, description, cost, is_covered_by_insurance) VALUES (6, '2023-06-15', 'REGULAR_MAINTENANCE', 'Aylık bakım', 785, FALSE);
INSERT INTO services (vehicle_id, service_date, service_type, description, cost, is_covered_by_insurance) VALUES (6, '2023-07-15', 'REGULAR_MAINTENANCE', 'Aylık bakım', 1446, FALSE);
INSERT INTO services (vehicle_id, service_date, service_type, description, cost, is_covered_by_insurance) VALUES (6, '2023-08-15', 'REGULAR_MAINTENANCE', 'Aylık bakım', 671, FALSE);
INSERT INTO services (vehicle_id, service_date, service_type, description, cost, is_covered_by_insurance) VALUES (6, '2023-09-15', 'REGULAR_MAINTENANCE', 'Aylık bakım', 1488, FALSE);
INSERT INTO services (vehicle_id, service_date, service_type, description, cost, is_covered_by_insurance) VALUES (6, '2023-10-15', 'REGULAR_MAINTENANCE', 'Aylık bakım', 1192, TRUE);
INSERT INTO services (vehicle_id, service_date, service_type, description, cost, is_covered_by_insurance) VALUES (6, '2023-11-15', 'REGULAR_MAINTENANCE', 'Aylık bakım', 1338, FALSE);
INSERT INTO services (vehicle_id, service_date, service_type, description, cost, is_covered_by_insurance) VALUES (6, '2023-12-15', 'REGULAR_MAINTENANCE', 'Aylık bakım', 1385, TRUE);
INSERT INTO services (vehicle_id, service_date, service_type, description, cost, is_covered_by_insurance) VALUES (7, '2023-01-15', 'REGULAR_MAINTENANCE', 'Aylık bakım', 1172, FALSE);
INSERT INTO services (vehicle_id, service_date, service_type, description, cost, is_covered_by_insurance) VALUES (7, '2023-02-15', 'REGULAR_MAINTENANCE', 'Aylık bakım', 1487, TRUE);
INSERT INTO services (vehicle_id, service_date, service_type, description, cost, is_covered_by_insurance) VALUES (7, '2023-03-15', 'REGULAR_MAINTENANCE', 'Aylık bakım', 1228, FALSE);
INSERT INTO services (vehicle_id, service_date, service_type, description, cost, is_covered_by_insurance) VALUES (7, '2023-04-15', 'REGULAR_MAINTENANCE', 'Aylık bakım', 571, FALSE);
INSERT INTO services (vehicle_id, service_date, service_type, description, cost, is_covered_by_insurance) VALUES (7, '2023-05-15', 'REGULAR_MAINTENANCE', 'Aylık bakım', 928, FALSE);
INSERT INTO services (vehicle_id, service_date, service_type, description, cost, is_covered_by_insurance) VALUES (7, '2023-06-15', 'REGULAR_MAINTENANCE', 'Aylık bakım', 701, FALSE);
INSERT INTO services (vehicle_id, service_date, service_type, description, cost, is_covered_by_insurance) VALUES (7, '2023-07-15', 'REGULAR_MAINTENANCE', 'Aylık bakım', 812, FALSE);
INSERT INTO services (vehicle_id, service_date, service_type, description, cost, is_covered_by_insurance) VALUES (7, '2023-08-15', 'REGULAR_MAINTENANCE', 'Aylık bakım', 1484, TRUE);
INSERT INTO services (vehicle_id, service_date, service_type, description, cost, is_covered_by_insurance) VALUES (7, '2023-09-15', 'REGULAR_MAINTENANCE', 'Aylık bakım', 1444, TRUE);
INSERT INTO services (vehicle_id, service_date, service_type, description, cost, is_covered_by_insurance) VALUES (7, '2023-10-15', 'REGULAR_MAINTENANCE', 'Aylık bakım', 1297, FALSE);
INSERT INTO services (vehicle_id, service_date, service_type, description, cost, is_covered_by_insurance) VALUES (7, '2023-11-15', 'REGULAR_MAINTENANCE', 'Aylık bakım', 1495, TRUE);
INSERT INTO services (vehicle_id, service_date, service_type, description, cost, is_covered_by_insurance) VALUES (7, '2023-12-15', 'REGULAR_MAINTENANCE', 'Aylık bakım', 647, TRUE);
INSERT INTO services (vehicle_id, service_date, service_type, description, cost, is_covered_by_insurance) VALUES (8, '2023-01-15', 'REGULAR_MAINTENANCE', 'Aylık bakım', 912, TRUE);
INSERT INTO services (vehicle_id, service_date, service_type, description, cost, is_covered_by_insurance) VALUES (8, '2023-02-15', 'REGULAR_MAINTENANCE', 'Aylık bakım', 851, TRUE);
INSERT INTO services (vehicle_id, service_date, service_type, description, cost, is_covered_by_insurance) VALUES (8, '2023-03-15', 'REGULAR_MAINTENANCE', 'Aylık bakım', 1191, FALSE);
INSERT INTO services (vehicle_id, service_date, service_type, description, cost, is_covered_by_insurance) VALUES (8, '2023-04-15', 'REGULAR_MAINTENANCE', 'Aylık bakım', 1453, FALSE);
INSERT INTO services (vehicle_id, service_date, service_type, description, cost, is_covered_by_insurance) VALUES (8, '2023-05-15', 'REGULAR_MAINTENANCE', 'Aylık bakım', 1244, FALSE);
INSERT INTO services (vehicle_id, service_date, service_type, description, cost, is_covered_by_insurance) VALUES (8, '2023-06-15', 'REGULAR_MAINTENANCE', 'Aylık bakım', 1203, TRUE);
INSERT INTO services (vehicle_id, service_date, service_type, description, cost, is_covered_by_insurance) VALUES (8, '2023-07-15', 'REGULAR_MAINTENANCE', 'Aylık bakım', 1482, TRUE);
INSERT INTO services (vehicle_id, service_date, service_type, description, cost, is_covered_by_insurance) VALUES (8, '2023-08-15', 'REGULAR_MAINTENANCE', 'Aylık bakım', 699, TRUE);
INSERT INTO services (vehicle_id, service_date, service_type, description, cost, is_covered_by_insurance) VALUES (8, '2023-09-15', 'REGULAR_MAINTENANCE', 'Aylık bakım', 1206, FALSE);
INSERT INTO services (vehicle_id, service_date, service_type, description, cost, is_covered_by_insurance) VALUES (8, '2023-10-15', 'REGULAR_MAINTENANCE', 'Aylık bakım', 1090, TRUE);
INSERT INTO services (vehicle_id, service_date, service_type, description, cost, is_covered_by_insurance) VALUES (8, '2023-11-15', 'REGULAR_MAINTENANCE', 'Aylık bakım', 516, FALSE);
INSERT INTO services (vehicle_id, service_date, service_type, description, cost, is_covered_by_insurance) VALUES (8, '2023-12-15', 'REGULAR_MAINTENANCE', 'Aylık bakım', 1107, TRUE);
INSERT INTO services (vehicle_id, service_date, service_type, description, cost, is_covered_by_insurance) VALUES (9, '2023-01-15', 'REGULAR_MAINTENANCE', 'Aylık bakım', 1485, TRUE);
INSERT INTO services (vehicle_id, service_date, service_type, description, cost, is_covered_by_insurance) VALUES (9, '2023-02-15', 'REGULAR_MAINTENANCE', 'Aylık bakım', 1086, TRUE);
INSERT INTO services (vehicle_id, service_date, service_type, description, cost, is_covered_by_insurance) VALUES (9, '2023-03-15', 'REGULAR_MAINTENANCE', 'Aylık bakım', 1417, FALSE);
INSERT INTO services (vehicle_id, service_date, service_type, description, cost, is_covered_by_insurance) VALUES (9, '2023-04-15', 'REGULAR_MAINTENANCE', 'Aylık bakım', 1022, TRUE);
INSERT INTO services (vehicle_id, service_date, service_type, description, cost, is_covered_by_insurance) VALUES (9, '2023-05-15', 'REGULAR_MAINTENANCE', 'Aylık bakım', 1340, FALSE);
INSERT INTO services (vehicle_id, service_date, service_type, description, cost, is_covered_by_insurance) VALUES (9, '2023-06-15', 'REGULAR_MAINTENANCE', 'Aylık bakım', 1408, FALSE);
INSERT INTO services (vehicle_id, service_date, service_type, description, cost, is_covered_by_insurance) VALUES (9, '2023-07-15', 'REGULAR_MAINTENANCE', 'Aylık bakım', 645, FALSE);
INSERT INTO services (vehicle_id, service_date, service_type, description, cost, is_covered_by_insurance) VALUES (9, '2023-08-15', 'REGULAR_MAINTENANCE', 'Aylık bakım', 1355, FALSE);
INSERT INTO services (vehicle_id, service_date, service_type, description, cost, is_covered_by_insurance) VALUES (9, '2023-09-15', 'REGULAR_MAINTENANCE', 'Aylık bakım', 1365, TRUE);
INSERT INTO services (vehicle_id, service_date, service_type, description, cost, is_covered_by_insurance) VALUES (9, '2023-10-15', 'REGULAR_MAINTENANCE', 'Aylık bakım', 958, TRUE);
INSERT INTO services (vehicle_id, service_date, service_type, description, cost, is_covered_by_insurance) VALUES (9, '2023-11-15', 'REGULAR_MAINTENANCE', 'Aylık bakım', 1417, FALSE);
INSERT INTO services (vehicle_id, service_date, service_type, description, cost, is_covered_by_insurance) VALUES (9, '2023-12-15', 'REGULAR_MAINTENANCE', 'Aylık bakım', 706, FALSE);
INSERT INTO services (vehicle_id, service_date, service_type, description, cost, is_covered_by_insurance) VALUES (10, '2023-01-15', 'REGULAR_MAINTENANCE', 'Aylık bakım', 842, FALSE);
INSERT INTO services (vehicle_id, service_date, service_type, description, cost, is_covered_by_insurance) VALUES (10, '2023-02-15', 'REGULAR_MAINTENANCE', 'Aylık bakım', 965, FALSE);
INSERT INTO services (vehicle_id, service_date, service_type, description, cost, is_covered_by_insurance) VALUES (10, '2023-03-15', 'REGULAR_MAINTENANCE', 'Aylık bakım', 940, FALSE);
INSERT INTO services (vehicle_id, service_date, service_type, description, cost, is_covered_by_insurance) VALUES (10, '2023-04-15', 'REGULAR_MAINTENANCE', 'Aylık bakım', 527, FALSE);
INSERT INTO services (vehicle_id, service_date, service_type, description, cost, is_covered_by_insurance) VALUES (10, '2023-05-15', 'REGULAR_MAINTENANCE', 'Aylık bakım', 726, TRUE);
INSERT INTO services (vehicle_id, service_date, service_type, description, cost, is_covered_by_insurance) VALUES (10, '2023-06-15', 'REGULAR_MAINTENANCE', 'Aylık bakım', 1426, TRUE);
INSERT INTO services (vehicle_id, service_date, service_type, description, cost, is_covered_by_insurance) VALUES (10, '2023-07-15', 'REGULAR_MAINTENANCE', 'Aylık bakım', 1023, TRUE);
INSERT INTO services (vehicle_id, service_date, service_type, description, cost, is_covered_by_insurance) VALUES (10, '2023-08-15', 'REGULAR_MAINTENANCE', 'Aylık bakım', 1209, FALSE);
INSERT INTO services (vehicle_id, service_date, service_type, description, cost, is_covered_by_insurance) VALUES (10, '2023-09-15', 'REGULAR_MAINTENANCE', 'Aylık bakım', 663, TRUE);
INSERT INTO services (vehicle_id, service_date, service_type, description, cost, is_covered_by_insurance) VALUES (10, '2023-10-15', 'REGULAR_MAINTENANCE', 'Aylık bakım', 1486, FALSE);
INSERT INTO services (vehicle_id, service_date, service_type, description, cost, is_covered_by_insurance) VALUES (10, '2023-11-15', 'REGULAR_MAINTENANCE', 'Aylık bakım', 1218, TRUE);
INSERT INTO services (vehicle_id, service_date, service_type, description, cost, is_covered_by_insurance) VALUES (10, '2023-12-15', 'REGULAR_MAINTENANCE', 'Aylık bakım', 548, FALSE);
INSERT INTO services (vehicle_id, service_date, service_type, description, cost, is_covered_by_insurance) VALUES (11, '2023-01-15', 'REGULAR_MAINTENANCE', 'Aylık bakım', 1250, TRUE);
INSERT INTO services (vehicle_id, service_date, service_type, description, cost, is_covered_by_insurance) VALUES (11, '2023-02-15', 'REGULAR_MAINTENANCE', 'Aylık bakım', 1421, TRUE);
INSERT INTO services (vehicle_id, service_date, service_type, description, cost, is_covered_by_insurance) VALUES (11, '2023-03-15', 'REGULAR_MAINTENANCE', 'Aylık bakım', 1378, FALSE);
INSERT INTO services (vehicle_id, service_date, service_type, description, cost, is_covered_by_insurance) VALUES (11, '2023-04-15', 'REGULAR_MAINTENANCE', 'Aylık bakım', 831, TRUE);
INSERT INTO services (vehicle_id, service_date, service_type, description, cost, is_covered_by_insurance) VALUES (11, '2023-05-15', 'REGULAR_MAINTENANCE', 'Aylık bakım', 510, TRUE);
INSERT INTO services (vehicle_id, service_date, service_type, description, cost, is_covered_by_insurance) VALUES (11, '2023-06-15', 'REGULAR_MAINTENANCE', 'Aylık bakım', 1370, TRUE);
INSERT INTO services (vehicle_id, service_date, service_type, description, cost, is_covered_by_insurance) VALUES (11, '2023-07-15', 'REGULAR_MAINTENANCE', 'Aylık bakım', 1227, TRUE);
INSERT INTO services (vehicle_id, service_date, service_type, description, cost, is_covered_by_insurance) VALUES (11, '2023-08-15', 'REGULAR_MAINTENANCE', 'Aylık bakım', 1171, FALSE);
INSERT INTO services (vehicle_id, service_date, service_type, description, cost, is_covered_by_insurance) VALUES (11, '2023-09-15', 'REGULAR_MAINTENANCE', 'Aylık bakım', 860, FALSE);
INSERT INTO services (vehicle_id, service_date, service_type, description, cost, is_covered_by_insurance) VALUES (11, '2023-10-15', 'REGULAR_MAINTENANCE', 'Aylık bakım', 1442, FALSE);
INSERT INTO services (vehicle_id, service_date, service_type, description, cost, is_covered_by_insurance) VALUES (11, '2023-11-15', 'REGULAR_MAINTENANCE', 'Aylık bakım', 550, TRUE);
INSERT INTO services (vehicle_id, service_date, service_type, description, cost, is_covered_by_insurance) VALUES (11, '2023-12-15', 'REGULAR_MAINTENANCE', 'Aylık bakım', 593, FALSE);
INSERT INTO services (vehicle_id, service_date, service_type, description, cost, is_covered_by_insurance) VALUES (12, '2023-01-15', 'REGULAR_MAINTENANCE', 'Aylık bakım', 1266, FALSE);
INSERT INTO services (vehicle_id, service_date, service_type, description, cost, is_covered_by_insurance) VALUES (12, '2023-02-15', 'REGULAR_MAINTENANCE', 'Aylık bakım', 1282, TRUE);
INSERT INTO services (vehicle_id, service_date, service_type, description, cost, is_covered_by_insurance) VALUES (12, '2023-03-15', 'REGULAR_MAINTENANCE', 'Aylık bakım', 1286, TRUE);
INSERT INTO services (vehicle_id, service_date, service_type, description, cost, is_covered_by_insurance) VALUES (12, '2023-04-15', 'REGULAR_MAINTENANCE', 'Aylık bakım', 1277, TRUE);
INSERT INTO services (vehicle_id, service_date, service_type, description, cost, is_covered_by_insurance) VALUES (12, '2023-05-15', 'REGULAR_MAINTENANCE', 'Aylık bakım', 1362, FALSE);
INSERT INTO services (vehicle_id, service_date, service_type, description, cost, is_covered_by_insurance) VALUES (12, '2023-06-15', 'REGULAR_MAINTENANCE', 'Aylık bakım', 981, TRUE);
INSERT INTO services (vehicle_id, service_date, service_type, description, cost, is_covered_by_insurance) VALUES (12, '2023-07-15', 'REGULAR_MAINTENANCE', 'Aylık bakım', 863, FALSE);
INSERT INTO services (vehicle_id, service_date, service_type, description, cost, is_covered_by_insurance) VALUES (12, '2023-08-15', 'REGULAR_MAINTENANCE', 'Aylık bakım', 637, FALSE);
INSERT INTO services (vehicle_id, service_date, service_type, description, cost, is_covered_by_insurance) VALUES (12, '2023-09-15', 'REGULAR_MAINTENANCE', 'Aylık bakım', 1386, FALSE);
INSERT INTO services (vehicle_id, service_date, service_type, description, cost, is_covered_by_insurance) VALUES (12, '2023-10-15', 'REGULAR_MAINTENANCE', 'Aylık bakım', 1324, TRUE);
INSERT INTO services (vehicle_id, service_date, service_type, description, cost, is_covered_by_insurance) VALUES (12, '2023-11-15', 'REGULAR_MAINTENANCE', 'Aylık bakım', 1063, TRUE);
INSERT INTO services (vehicle_id, service_date, service_type, description, cost, is_covered_by_insurance) VALUES (12, '2023-12-15', 'REGULAR_MAINTENANCE', 'Aylık bakım', 970, FALSE);
INSERT INTO services (vehicle_id, service_date, service_type, description, cost, is_covered_by_insurance) VALUES (13, '2023-01-15', 'REGULAR_MAINTENANCE', 'Aylık bakım', 731, TRUE);
INSERT INTO services (vehicle_id, service_date, service_type, description, cost, is_covered_by_insurance) VALUES (13, '2023-02-15', 'REGULAR_MAINTENANCE', 'Aylık bakım', 1372, TRUE);
INSERT INTO services (vehicle_id, service_date, service_type, description, cost, is_covered_by_insurance) VALUES (13, '2023-03-15', 'REGULAR_MAINTENANCE', 'Aylık bakım', 1489, FALSE);
INSERT INTO services (vehicle_id, service_date, service_type, description, cost, is_covered_by_insurance) VALUES (13, '2023-04-15', 'REGULAR_MAINTENANCE', 'Aylık bakım', 678, FALSE);
INSERT INTO services (vehicle_id, service_date, service_type, description, cost, is_covered_by_insurance) VALUES (13, '2023-05-15', 'REGULAR_MAINTENANCE', 'Aylık bakım', 901, TRUE);
INSERT INTO services (vehicle_id, service_date, service_type, description, cost, is_covered_by_insurance) VALUES (13, '2023-06-15', 'REGULAR_MAINTENANCE', 'Aylık bakım', 522, FALSE);
INSERT INTO services (vehicle_id, service_date, service_type, description, cost, is_covered_by_insurance) VALUES (13, '2023-07-15', 'REGULAR_MAINTENANCE', 'Aylık bakım', 521, TRUE);
INSERT INTO services (vehicle_id, service_date, service_type, description, cost, is_covered_by_insurance) VALUES (13, '2023-08-15', 'REGULAR_MAINTENANCE', 'Aylık bakım', 1042, TRUE);
INSERT INTO services (vehicle_id, service_date, service_type, description, cost, is_covered_by_insurance) VALUES (13, '2023-09-15', 'REGULAR_MAINTENANCE', 'Aylık bakım', 1125, FALSE);
INSERT INTO services (vehicle_id, service_date, service_type, description, cost, is_covered_by_insurance) VALUES (13, '2023-10-15', 'REGULAR_MAINTENANCE', 'Aylık bakım', 1254, FALSE);
INSERT INTO services (vehicle_id, service_date, service_type, description, cost, is_covered_by_insurance) VALUES (13, '2023-11-15', 'REGULAR_MAINTENANCE', 'Aylık bakım', 1175, FALSE);
INSERT INTO services (vehicle_id, service_date, service_type, description, cost, is_covered_by_insurance) VALUES (13, '2023-12-15', 'REGULAR_MAINTENANCE', 'Aylık bakım', 735, TRUE);
INSERT INTO services (vehicle_id, service_date, service_type, description, cost, is_covered_by_insurance) VALUES (14, '2023-01-15', 'REGULAR_MAINTENANCE', 'Aylık bakım', 1454, FALSE);
INSERT INTO services (vehicle_id, service_date, service_type, description, cost, is_covered_by_insurance) VALUES (14, '2023-02-15', 'REGULAR_MAINTENANCE', 'Aylık bakım', 1248, FALSE);
INSERT INTO services (vehicle_id, service_date, service_type, description, cost, is_covered_by_insurance) VALUES (14, '2023-03-15', 'REGULAR_MAINTENANCE', 'Aylık bakım', 946, TRUE);
INSERT INTO services (vehicle_id, service_date, service_type, description, cost, is_covered_by_insurance) VALUES (14, '2023-04-15', 'REGULAR_MAINTENANCE', 'Aylık bakım', 761, FALSE);
INSERT INTO services (vehicle_id, service_date, service_type, description, cost, is_covered_by_insurance) VALUES (14, '2023-05-15', 'REGULAR_MAINTENANCE', 'Aylık bakım', 1234, TRUE);
INSERT INTO services (vehicle_id, service_date, service_type, description, cost, is_covered_by_insurance) VALUES (14, '2023-06-15', 'REGULAR_MAINTENANCE', 'Aylık bakım', 907, TRUE);
INSERT INTO services (vehicle_id, service_date, service_type, description, cost, is_covered_by_insurance) VALUES (14, '2023-07-15', 'REGULAR_MAINTENANCE', 'Aylık bakım', 904, FALSE);
INSERT INTO services (vehicle_id, service_date, service_type, description, cost, is_covered_by_insurance) VALUES (14, '2023-08-15', 'REGULAR_MAINTENANCE', 'Aylık bakım', 1458, FALSE);
INSERT INTO services (vehicle_id, service_date, service_type, description, cost, is_covered_by_insurance) VALUES (14, '2023-09-15', 'REGULAR_MAINTENANCE', 'Aylık bakım', 594, FALSE);
INSERT INTO services (vehicle_id, service_date, service_type, description, cost, is_covered_by_insurance) VALUES (14, '2023-10-15', 'REGULAR_MAINTENANCE', 'Aylık bakım', 1133, TRUE);
INSERT INTO services (vehicle_id, service_date, service_type, description, cost, is_covered_by_insurance) VALUES (14, '2023-11-15', 'REGULAR_MAINTENANCE', 'Aylık bakım', 754, TRUE);
INSERT INTO services (vehicle_id, service_date, service_type, description, cost, is_covered_by_insurance) VALUES (14, '2023-12-15', 'REGULAR_MAINTENANCE', 'Aylık bakım', 569, TRUE);
INSERT INTO services (vehicle_id, service_date, service_type, description, cost, is_covered_by_insurance) VALUES (15, '2023-01-15', 'REGULAR_MAINTENANCE', 'Aylık bakım', 785, FALSE);
INSERT INTO services (vehicle_id, service_date, service_type, description, cost, is_covered_by_insurance) VALUES (15, '2023-02-15', 'REGULAR_MAINTENANCE', 'Aylık bakım', 1098, FALSE);
INSERT INTO services (vehicle_id, service_date, service_type, description, cost, is_covered_by_insurance) VALUES (15, '2023-03-15', 'REGULAR_MAINTENANCE', 'Aylık bakım', 912, TRUE);
INSERT INTO services (vehicle_id, service_date, service_type, description, cost, is_covered_by_insurance) VALUES (15, '2023-04-15', 'REGULAR_MAINTENANCE', 'Aylık bakım', 960, TRUE);
INSERT INTO services (vehicle_id, service_date, service_type, description, cost, is_covered_by_insurance) VALUES (15, '2023-05-15', 'REGULAR_MAINTENANCE', 'Aylık bakım', 936, FALSE);
INSERT INTO services (vehicle_id, service_date, service_type, description, cost, is_covered_by_insurance) VALUES (15, '2023-06-15', 'REGULAR_MAINTENANCE', 'Aylık bakım', 822, TRUE);
INSERT INTO services (vehicle_id, service_date, service_type, description, cost, is_covered_by_insurance) VALUES (15, '2023-07-15', 'REGULAR_MAINTENANCE', 'Aylık bakım', 1179, TRUE);
INSERT INTO services (vehicle_id, service_date, service_type, description, cost, is_covered_by_insurance) VALUES (15, '2023-08-15', 'REGULAR_MAINTENANCE', 'Aylık bakım', 735, TRUE);
INSERT INTO services (vehicle_id, service_date, service_type, description, cost, is_covered_by_insurance) VALUES (15, '2023-09-15', 'REGULAR_MAINTENANCE', 'Aylık bakım', 1002, TRUE);
INSERT INTO services (vehicle_id, service_date, service_type, description, cost, is_covered_by_insurance) VALUES (15, '2023-10-15', 'REGULAR_MAINTENANCE', 'Aylık bakım', 1477, FALSE);
INSERT INTO services (vehicle_id, service_date, service_type, description, cost, is_covered_by_insurance) VALUES (15, '2023-11-15', 'REGULAR_MAINTENANCE', 'Aylık bakım', 846, TRUE);
INSERT INTO services (vehicle_id, service_date, service_type, description, cost, is_covered_by_insurance) VALUES (15, '2023-12-15', 'REGULAR_MAINTENANCE', 'Aylık bakım', 531, FALSE);
INSERT INTO fuel_consumption (vehicle_id, driver_id, date, liters, cost, odometer_reading) VALUES (1, 3, '2023-01-01', 61.8, 2312.98, 31000);
INSERT INTO fuel_consumption (vehicle_id, driver_id, date, liters, cost, odometer_reading) VALUES (1, 3, '2023-02-01', 67.7, 2082.0, 32000);
INSERT INTO fuel_consumption (vehicle_id, driver_id, date, liters, cost, odometer_reading) VALUES (1, 3, '2023-03-01', 47.9, 1906.89, 33000);
INSERT INTO fuel_consumption (vehicle_id, driver_id, date, liters, cost, odometer_reading) VALUES (1, 3, '2023-04-01', 62.5, 1966.4, 34000);
INSERT INTO fuel_consumption (vehicle_id, driver_id, date, liters, cost, odometer_reading) VALUES (1, 3, '2023-05-01', 69.2, 2227.16, 35000);
INSERT INTO fuel_consumption (vehicle_id, driver_id, date, liters, cost, odometer_reading) VALUES (1, 3, '2023-06-01', 69.2, 2511.43, 36000);
INSERT INTO fuel_consumption (vehicle_id, driver_id, date, liters, cost, odometer_reading) VALUES (1, 3, '2023-07-01', 44.3, 1514.71, 37000);
INSERT INTO fuel_consumption (vehicle_id, driver_id, date, liters, cost, odometer_reading) VALUES (1, 3, '2023-08-01', 69.5, 2755.93, 38000);
INSERT INTO fuel_consumption (vehicle_id, driver_id, date, liters, cost, odometer_reading) VALUES (1, 3, '2023-09-01', 58.0, 1805.18, 39000);
INSERT INTO fuel_consumption (vehicle_id, driver_id, date, liters, cost, odometer_reading) VALUES (1, 3, '2023-10-01', 62.3, 2399.52, 40000);
INSERT INTO fuel_consumption (vehicle_id, driver_id, date, liters, cost, odometer_reading) VALUES (1, 3, '2023-11-01', 53.5, 2101.84, 41000);
INSERT INTO fuel_consumption (vehicle_id, driver_id, date, liters, cost, odometer_reading) VALUES (1, 3, '2023-12-01', 47.1, 1542.55, 42000);
INSERT INTO fuel_consumption (vehicle_id, driver_id, date, liters, cost, odometer_reading) VALUES (2, 3, '2023-01-01', 50.9, 1670.67, 32000);
INSERT INTO fuel_consumption (vehicle_id, driver_id, date, liters, cost, odometer_reading) VALUES (2, 3, '2023-02-01', 40.8, 1474.27, 33000);
INSERT INTO fuel_consumption (vehicle_id, driver_id, date, liters, cost, odometer_reading) VALUES (2, 3, '2023-03-01', 60.8, 2180.74, 34000);
INSERT INTO fuel_consumption (vehicle_id, driver_id, date, liters, cost, odometer_reading) VALUES (2, 3, '2023-04-01', 53.4, 1865.3, 35000);
INSERT INTO fuel_consumption (vehicle_id, driver_id, date, liters, cost, odometer_reading) VALUES (2, 3, '2023-05-01', 45.5, 1556.66, 36000);
INSERT INTO fuel_consumption (vehicle_id, driver_id, date, liters, cost, odometer_reading) VALUES (2, 3, '2023-06-01', 43.5, 1373.32, 37000);
INSERT INTO fuel_consumption (vehicle_id, driver_id, date, liters, cost, odometer_reading) VALUES (2, 3, '2023-07-01', 68.2, 2568.71, 38000);
INSERT INTO fuel_consumption (vehicle_id, driver_id, date, liters, cost, odometer_reading) VALUES (2, 3, '2023-08-01', 69.7, 2590.41, 39000);
INSERT INTO fuel_consumption (vehicle_id, driver_id, date, liters, cost, odometer_reading) VALUES (2, 3, '2023-09-01', 63.7, 2118.82, 40000);
INSERT INTO fuel_consumption (vehicle_id, driver_id, date, liters, cost, odometer_reading) VALUES (2, 3, '2023-10-01', 43.9, 1665.18, 41000);
INSERT INTO fuel_consumption (vehicle_id, driver_id, date, liters, cost, odometer_reading) VALUES (2, 3, '2023-11-01', 42.2, 1469.29, 42000);
INSERT INTO fuel_consumption (vehicle_id, driver_id, date, liters, cost, odometer_reading) VALUES (2, 3, '2023-12-01', 59.5, 1897.92, 43000);
INSERT INTO fuel_consumption (vehicle_id, driver_id, date, liters, cost, odometer_reading) VALUES (3, 3, '2023-01-01', 62.5, 2388.53, 33000);
INSERT INTO fuel_consumption (vehicle_id, driver_id, date, liters, cost, odometer_reading) VALUES (3, 3, '2023-02-01', 66.5, 2001.74, 34000);
INSERT INTO fuel_consumption (vehicle_id, driver_id, date, liters, cost, odometer_reading) VALUES (3, 3, '2023-03-01', 69.9, 2777.67, 35000);
INSERT INTO fuel_consumption (vehicle_id, driver_id, date, liters, cost, odometer_reading) VALUES (3, 3, '2023-04-01', 61.9, 2155.3, 36000);
INSERT INTO fuel_consumption (vehicle_id, driver_id, date, liters, cost, odometer_reading) VALUES (3, 3, '2023-05-01', 46.8, 1642.07, 37000);
INSERT INTO fuel_consumption (vehicle_id, driver_id, date, liters, cost, odometer_reading) VALUES (3, 3, '2023-06-01', 60.0, 1970.32, 38000);
INSERT INTO fuel_consumption (vehicle_id, driver_id, date, liters, cost, odometer_reading) VALUES (3, 3, '2023-07-01', 45.2, 1805.91, 39000);
INSERT INTO fuel_consumption (vehicle_id, driver_id, date, liters, cost, odometer_reading) VALUES (3, 3, '2023-08-01', 43.5, 1720.76, 40000);
INSERT INTO fuel_consumption (vehicle_id, driver_id, date, liters, cost, odometer_reading) VALUES (3, 3, '2023-09-01', 58.7, 1791.22, 41000);
INSERT INTO fuel_consumption (vehicle_id, driver_id, date, liters, cost, odometer_reading) VALUES (3, 3, '2023-10-01', 49.3, 1502.17, 42000);
INSERT INTO fuel_consumption (vehicle_id, driver_id, date, liters, cost, odometer_reading) VALUES (3, 3, '2023-11-01', 63.5, 2214.79, 43000);
INSERT INTO fuel_consumption (vehicle_id, driver_id, date, liters, cost, odometer_reading) VALUES (3, 3, '2023-12-01', 59.2, 2205.67, 44000);
INSERT INTO fuel_consumption (vehicle_id, driver_id, date, liters, cost, odometer_reading) VALUES (4, 3, '2023-01-01', 53.1, 2035.32, 34000);
INSERT INTO fuel_consumption (vehicle_id, driver_id, date, liters, cost, odometer_reading) VALUES (4, 3, '2023-02-01', 53.1, 1927.43, 35000);
INSERT INTO fuel_consumption (vehicle_id, driver_id, date, liters, cost, odometer_reading) VALUES (4, 3, '2023-03-01', 69.4, 2123.84, 36000);
INSERT INTO fuel_consumption (vehicle_id, driver_id, date, liters, cost, odometer_reading) VALUES (4, 3, '2023-04-01', 68.7, 2555.18, 37000);
INSERT INTO fuel_consumption (vehicle_id, driver_id, date, liters, cost, odometer_reading) VALUES (4, 3, '2023-05-01', 68.8, 2597.0, 38000);
INSERT INTO fuel_consumption (vehicle_id, driver_id, date, liters, cost, odometer_reading) VALUES (4, 3, '2023-06-01', 46.1, 1793.64, 39000);
INSERT INTO fuel_consumption (vehicle_id, driver_id, date, liters, cost, odometer_reading) VALUES (4, 3, '2023-07-01', 69.8, 2559.57, 40000);
INSERT INTO fuel_consumption (vehicle_id, driver_id, date, liters, cost, odometer_reading) VALUES (4, 3, '2023-08-01', 68.1, 2455.51, 41000);
INSERT INTO fuel_consumption (vehicle_id, driver_id, date, liters, cost, odometer_reading) VALUES (4, 3, '2023-09-01', 55.3, 1757.58, 42000);
INSERT INTO fuel_consumption (vehicle_id, driver_id, date, liters, cost, odometer_reading) VALUES (4, 3, '2023-10-01', 43.2, 1566.42, 43000);
INSERT INTO fuel_consumption (vehicle_id, driver_id, date, liters, cost, odometer_reading) VALUES (4, 3, '2023-11-01', 48.8, 1573.46, 44000);
INSERT INTO fuel_consumption (vehicle_id, driver_id, date, liters, cost, odometer_reading) VALUES (4, 3, '2023-12-01', 41.4, 1318.7, 45000);
INSERT INTO fuel_consumption (vehicle_id, driver_id, date, liters, cost, odometer_reading) VALUES (5, 3, '2023-01-01', 41.6, 1445.89, 35000);
INSERT INTO fuel_consumption (vehicle_id, driver_id, date, liters, cost, odometer_reading) VALUES (5, 3, '2023-02-01', 42.3, 1550.37, 36000);
INSERT INTO fuel_consumption (vehicle_id, driver_id, date, liters, cost, odometer_reading) VALUES (5, 3, '2023-03-01', 65.7, 2109.01, 37000);
INSERT INTO fuel_consumption (vehicle_id, driver_id, date, liters, cost, odometer_reading) VALUES (5, 3, '2023-04-01', 58.5, 1877.62, 38000);
INSERT INTO fuel_consumption (vehicle_id, driver_id, date, liters, cost, odometer_reading) VALUES (5, 3, '2023-05-01', 41.9, 1401.79, 39000);
INSERT INTO fuel_consumption (vehicle_id, driver_id, date, liters, cost, odometer_reading) VALUES (5, 3, '2023-06-01', 60.9, 2133.72, 40000);
INSERT INTO fuel_consumption (vehicle_id, driver_id, date, liters, cost, odometer_reading) VALUES (5, 3, '2023-07-01', 42.3, 1496.65, 41000);
INSERT INTO fuel_consumption (vehicle_id, driver_id, date, liters, cost, odometer_reading) VALUES (5, 3, '2023-08-01', 41.0, 1244.82, 42000);
INSERT INTO fuel_consumption (vehicle_id, driver_id, date, liters, cost, odometer_reading) VALUES (5, 3, '2023-09-01', 43.5, 1404.93, 43000);
INSERT INTO fuel_consumption (vehicle_id, driver_id, date, liters, cost, odometer_reading) VALUES (5, 3, '2023-10-01', 58.7, 1954.13, 44000);
INSERT INTO fuel_consumption (vehicle_id, driver_id, date, liters, cost, odometer_reading) VALUES (5, 3, '2023-11-01', 62.6, 2090.37, 45000);
INSERT INTO fuel_consumption (vehicle_id, driver_id, date, liters, cost, odometer_reading) VALUES (5, 3, '2023-12-01', 56.4, 1871.41, 46000);
INSERT INTO fuel_consumption (vehicle_id, driver_id, date, liters, cost, odometer_reading) VALUES (6, 6, '2023-01-01', 55.9, 2115.03, 36000);
INSERT INTO fuel_consumption (vehicle_id, driver_id, date, liters, cost, odometer_reading) VALUES (6, 6, '2023-02-01', 49.2, 1914.31, 37000);
INSERT INTO fuel_consumption (vehicle_id, driver_id, date, liters, cost, odometer_reading) VALUES (6, 6, '2023-03-01', 58.0, 2092.33, 38000);
INSERT INTO fuel_consumption (vehicle_id, driver_id, date, liters, cost, odometer_reading) VALUES (6, 6, '2023-04-01', 68.1, 2276.39, 39000);
INSERT INTO fuel_consumption (vehicle_id, driver_id, date, liters, cost, odometer_reading) VALUES (6, 6, '2023-05-01', 65.2, 2232.95, 40000);
INSERT INTO fuel_consumption (vehicle_id, driver_id, date, liters, cost, odometer_reading) VALUES (6, 6, '2023-06-01', 46.4, 1681.79, 41000);
INSERT INTO fuel_consumption (vehicle_id, driver_id, date, liters, cost, odometer_reading) VALUES (6, 6, '2023-07-01', 40.6, 1420.91, 42000);
INSERT INTO fuel_consumption (vehicle_id, driver_id, date, liters, cost, odometer_reading) VALUES (6, 6, '2023-08-01', 57.6, 1934.93, 43000);
INSERT INTO fuel_consumption (vehicle_id, driver_id, date, liters, cost, odometer_reading) VALUES (6, 6, '2023-09-01', 63.1, 2352.48, 44000);
INSERT INTO fuel_consumption (vehicle_id, driver_id, date, liters, cost, odometer_reading) VALUES (6, 6, '2023-10-01', 51.4, 1893.35, 45000);
INSERT INTO fuel_consumption (vehicle_id, driver_id, date, liters, cost, odometer_reading) VALUES (6, 6, '2023-11-01', 66.7, 2198.74, 46000);
INSERT INTO fuel_consumption (vehicle_id, driver_id, date, liters, cost, odometer_reading) VALUES (6, 6, '2023-12-01', 56.4, 2192.11, 47000);
INSERT INTO fuel_consumption (vehicle_id, driver_id, date, liters, cost, odometer_reading) VALUES (7, 6, '2023-01-01', 52.5, 2091.72, 37000);
INSERT INTO fuel_consumption (vehicle_id, driver_id, date, liters, cost, odometer_reading) VALUES (7, 6, '2023-02-01', 62.7, 2421.38, 38000);
INSERT INTO fuel_consumption (vehicle_id, driver_id, date, liters, cost, odometer_reading) VALUES (7, 6, '2023-03-01', 57.2, 2133.54, 39000);
INSERT INTO fuel_consumption (vehicle_id, driver_id, date, liters, cost, odometer_reading) VALUES (7, 6, '2023-04-01', 45.9, 1476.2, 40000);
INSERT INTO fuel_consumption (vehicle_id, driver_id, date, liters, cost, odometer_reading) VALUES (7, 6, '2023-05-01', 57.7, 1786.37, 41000);
INSERT INTO fuel_consumption (vehicle_id, driver_id, date, liters, cost, odometer_reading) VALUES (7, 6, '2023-06-01', 54.2, 2160.23, 42000);
INSERT INTO fuel_consumption (vehicle_id, driver_id, date, liters, cost, odometer_reading) VALUES (7, 6, '2023-07-01', 67.0, 2554.11, 43000);
INSERT INTO fuel_consumption (vehicle_id, driver_id, date, liters, cost, odometer_reading) VALUES (7, 6, '2023-08-01', 57.9, 2204.45, 44000);
INSERT INTO fuel_consumption (vehicle_id, driver_id, date, liters, cost, odometer_reading) VALUES (7, 6, '2023-09-01', 64.8, 2527.52, 45000);
INSERT INTO fuel_consumption (vehicle_id, driver_id, date, liters, cost, odometer_reading) VALUES (7, 6, '2023-10-01', 48.4, 1833.56, 46000);
INSERT INTO fuel_consumption (vehicle_id, driver_id, date, liters, cost, odometer_reading) VALUES (7, 6, '2023-11-01', 56.6, 1993.67, 47000);
INSERT INTO fuel_consumption (vehicle_id, driver_id, date, liters, cost, odometer_reading) VALUES (7, 6, '2023-12-01', 52.5, 1986.59, 48000);
INSERT INTO fuel_consumption (vehicle_id, driver_id, date, liters, cost, odometer_reading) VALUES (8, 6, '2023-01-01', 69.7, 2371.67, 38000);
INSERT INTO fuel_consumption (vehicle_id, driver_id, date, liters, cost, odometer_reading) VALUES (8, 6, '2023-02-01', 51.9, 1854.43, 39000);
INSERT INTO fuel_consumption (vehicle_id, driver_id, date, liters, cost, odometer_reading) VALUES (8, 6, '2023-03-01', 53.0, 1866.35, 40000);
INSERT INTO fuel_consumption (vehicle_id, driver_id, date, liters, cost, odometer_reading) VALUES (8, 6, '2023-04-01', 50.1, 1552.59, 41000);
INSERT INTO fuel_consumption (vehicle_id, driver_id, date, liters, cost, odometer_reading) VALUES (8, 6, '2023-05-01', 67.1, 2211.64, 42000);
INSERT INTO fuel_consumption (vehicle_id, driver_id, date, liters, cost, odometer_reading) VALUES (8, 6, '2023-06-01', 62.0, 2077.49, 43000);
INSERT INTO fuel_consumption (vehicle_id, driver_id, date, liters, cost, odometer_reading) VALUES (8, 6, '2023-07-01', 59.9, 2383.86, 44000);
INSERT INTO fuel_consumption (vehicle_id, driver_id, date, liters, cost, odometer_reading) VALUES (8, 6, '2023-08-01', 55.8, 1949.43, 45000);
INSERT INTO fuel_consumption (vehicle_id, driver_id, date, liters, cost, odometer_reading) VALUES (8, 6, '2023-09-01', 42.1, 1292.2, 46000);
INSERT INTO fuel_consumption (vehicle_id, driver_id, date, liters, cost, odometer_reading) VALUES (8, 6, '2023-10-01', 46.1, 1479.23, 47000);
INSERT INTO fuel_consumption (vehicle_id, driver_id, date, liters, cost, odometer_reading) VALUES (8, 6, '2023-11-01', 67.8, 2398.09, 48000);
INSERT INTO fuel_consumption (vehicle_id, driver_id, date, liters, cost, odometer_reading) VALUES (8, 6, '2023-12-01', 54.0, 2156.64, 49000);
INSERT INTO fuel_consumption (vehicle_id, driver_id, date, liters, cost, odometer_reading) VALUES (9, 6, '2023-01-01', 56.4, 2132.29, 39000);
INSERT INTO fuel_consumption (vehicle_id, driver_id, date, liters, cost, odometer_reading) VALUES (9, 6, '2023-02-01', 46.2, 1829.13, 40000);
INSERT INTO fuel_consumption (vehicle_id, driver_id, date, liters, cost, odometer_reading) VALUES (9, 6, '2023-03-01', 65.3, 2607.9, 41000);
INSERT INTO fuel_consumption (vehicle_id, driver_id, date, liters, cost, odometer_reading) VALUES (9, 6, '2023-04-01', 65.1, 2447.31, 42000);
INSERT INTO fuel_consumption (vehicle_id, driver_id, date, liters, cost, odometer_reading) VALUES (9, 6, '2023-05-01', 67.1, 2676.33, 43000);
INSERT INTO fuel_consumption (vehicle_id, driver_id, date, liters, cost, odometer_reading) VALUES (9, 6, '2023-06-01', 43.1, 1656.74, 44000);
INSERT INTO fuel_consumption (vehicle_id, driver_id, date, liters, cost, odometer_reading) VALUES (9, 6, '2023-07-01', 55.0, 1926.82, 45000);
INSERT INTO fuel_consumption (vehicle_id, driver_id, date, liters, cost, odometer_reading) VALUES (9, 6, '2023-08-01', 52.9, 2037.24, 46000);
INSERT INTO fuel_consumption (vehicle_id, driver_id, date, liters, cost, odometer_reading) VALUES (9, 6, '2023-09-01', 59.2, 2257.88, 47000);
INSERT INTO fuel_consumption (vehicle_id, driver_id, date, liters, cost, odometer_reading) VALUES (9, 6, '2023-10-01', 66.4, 2331.85, 48000);
INSERT INTO fuel_consumption (vehicle_id, driver_id, date, liters, cost, odometer_reading) VALUES (9, 6, '2023-11-01', 47.2, 1565.88, 49000);
INSERT INTO fuel_consumption (vehicle_id, driver_id, date, liters, cost, odometer_reading) VALUES (9, 6, '2023-12-01', 64.6, 2454.66, 50000);
INSERT INTO fuel_consumption (vehicle_id, driver_id, date, liters, cost, odometer_reading) VALUES (10, 6, '2023-01-01', 68.7, 2311.28, 40000);
INSERT INTO fuel_consumption (vehicle_id, driver_id, date, liters, cost, odometer_reading) VALUES (10, 6, '2023-02-01', 60.7, 2306.59, 41000);
INSERT INTO fuel_consumption (vehicle_id, driver_id, date, liters, cost, odometer_reading) VALUES (10, 6, '2023-03-01', 62.6, 2137.88, 42000);
INSERT INTO fuel_consumption (vehicle_id, driver_id, date, liters, cost, odometer_reading) VALUES (10, 6, '2023-04-01', 52.4, 1752.45, 43000);
INSERT INTO fuel_consumption (vehicle_id, driver_id, date, liters, cost, odometer_reading) VALUES (10, 6, '2023-05-01', 41.1, 1635.71, 44000);
INSERT INTO fuel_consumption (vehicle_id, driver_id, date, liters, cost, odometer_reading) VALUES (10, 6, '2023-06-01', 45.9, 1737.13, 45000);
INSERT INTO fuel_consumption (vehicle_id, driver_id, date, liters, cost, odometer_reading) VALUES (10, 6, '2023-07-01', 61.0, 2223.09, 46000);
INSERT INTO fuel_consumption (vehicle_id, driver_id, date, liters, cost, odometer_reading) VALUES (10, 6, '2023-08-01', 40.9, 1339.71, 47000);
INSERT INTO fuel_consumption (vehicle_id, driver_id, date, liters, cost, odometer_reading) VALUES (10, 6, '2023-09-01', 47.8, 1571.6, 48000);
INSERT INTO fuel_consumption (vehicle_id, driver_id, date, liters, cost, odometer_reading) VALUES (10, 6, '2023-10-01', 54.0, 1715.13, 49000);
INSERT INTO fuel_consumption (vehicle_id, driver_id, date, liters, cost, odometer_reading) VALUES (10, 6, '2023-11-01', 60.0, 2014.67, 50000);
INSERT INTO fuel_consumption (vehicle_id, driver_id, date, liters, cost, odometer_reading) VALUES (10, 6, '2023-12-01', 58.0, 2234.2, 51000);
INSERT INTO fuel_consumption (vehicle_id, driver_id, date, liters, cost, odometer_reading) VALUES (11, 8, '2023-01-01', 68.7, 2737.76, 41000);
INSERT INTO fuel_consumption (vehicle_id, driver_id, date, liters, cost, odometer_reading) VALUES (11, 8, '2023-02-01', 56.3, 1737.38, 42000);
INSERT INTO fuel_consumption (vehicle_id, driver_id, date, liters, cost, odometer_reading) VALUES (11, 8, '2023-03-01', 66.6, 2058.78, 43000);
INSERT INTO fuel_consumption (vehicle_id, driver_id, date, liters, cost, odometer_reading) VALUES (11, 8, '2023-04-01', 62.7, 2187.77, 44000);
INSERT INTO fuel_consumption (vehicle_id, driver_id, date, liters, cost, odometer_reading) VALUES (11, 8, '2023-05-01', 50.9, 1689.11, 45000);
INSERT INTO fuel_consumption (vehicle_id, driver_id, date, liters, cost, odometer_reading) VALUES (11, 8, '2023-06-01', 49.2, 1927.88, 46000);
INSERT INTO fuel_consumption (vehicle_id, driver_id, date, liters, cost, odometer_reading) VALUES (11, 8, '2023-07-01', 55.2, 1907.53, 47000);
INSERT INTO fuel_consumption (vehicle_id, driver_id, date, liters, cost, odometer_reading) VALUES (11, 8, '2023-08-01', 42.6, 1680.44, 48000);
INSERT INTO fuel_consumption (vehicle_id, driver_id, date, liters, cost, odometer_reading) VALUES (11, 8, '2023-09-01', 51.4, 1890.85, 49000);
INSERT INTO fuel_consumption (vehicle_id, driver_id, date, liters, cost, odometer_reading) VALUES (11, 8, '2023-10-01', 44.3, 1631.53, 50000);
INSERT INTO fuel_consumption (vehicle_id, driver_id, date, liters, cost, odometer_reading) VALUES (11, 8, '2023-11-01', 68.4, 2153.33, 51000);
INSERT INTO fuel_consumption (vehicle_id, driver_id, date, liters, cost, odometer_reading) VALUES (11, 8, '2023-12-01', 53.8, 1884.57, 52000);
INSERT INTO fuel_consumption (vehicle_id, driver_id, date, liters, cost, odometer_reading) VALUES (12, 8, '2023-01-01', 51.3, 1926.01, 42000);
INSERT INTO fuel_consumption (vehicle_id, driver_id, date, liters, cost, odometer_reading) VALUES (12, 8, '2023-02-01', 59.5, 2090.94, 43000);
INSERT INTO fuel_consumption (vehicle_id, driver_id, date, liters, cost, odometer_reading) VALUES (12, 8, '2023-03-01', 68.9, 2102.54, 44000);
INSERT INTO fuel_consumption (vehicle_id, driver_id, date, liters, cost, odometer_reading) VALUES (12, 8, '2023-04-01', 53.7, 1897.0, 45000);
INSERT INTO fuel_consumption (vehicle_id, driver_id, date, liters, cost, odometer_reading) VALUES (12, 8, '2023-05-01', 43.8, 1498.38, 46000);
INSERT INTO fuel_consumption (vehicle_id, driver_id, date, liters, cost, odometer_reading) VALUES (12, 8, '2023-06-01', 40.5, 1581.84, 47000);
INSERT INTO fuel_consumption (vehicle_id, driver_id, date, liters, cost, odometer_reading) VALUES (12, 8, '2023-07-01', 63.4, 2290.26, 48000);
INSERT INTO fuel_consumption (vehicle_id, driver_id, date, liters, cost, odometer_reading) VALUES (12, 8, '2023-08-01', 60.1, 2009.11, 49000);
INSERT INTO fuel_consumption (vehicle_id, driver_id, date, liters, cost, odometer_reading) VALUES (12, 8, '2023-09-01', 43.1, 1464.53, 50000);
INSERT INTO fuel_consumption (vehicle_id, driver_id, date, liters, cost, odometer_reading) VALUES (12, 8, '2023-10-01', 64.4, 2229.0, 51000);
INSERT INTO fuel_consumption (vehicle_id, driver_id, date, liters, cost, odometer_reading) VALUES (12, 8, '2023-11-01', 55.9, 2215.69, 52000);
INSERT INTO fuel_consumption (vehicle_id, driver_id, date, liters, cost, odometer_reading) VALUES (12, 8, '2023-12-01', 69.0, 2408.36, 53000);
INSERT INTO fuel_consumption (vehicle_id, driver_id, date, liters, cost, odometer_reading) VALUES (13, 8, '2023-01-01', 42.6, 1386.95, 43000);
INSERT INTO fuel_consumption (vehicle_id, driver_id, date, liters, cost, odometer_reading) VALUES (13, 8, '2023-02-01', 68.8, 2693.01, 44000);
INSERT INTO fuel_consumption (vehicle_id, driver_id, date, liters, cost, odometer_reading) VALUES (13, 8, '2023-03-01', 63.9, 2329.83, 45000);
INSERT INTO fuel_consumption (vehicle_id, driver_id, date, liters, cost, odometer_reading) VALUES (13, 8, '2023-04-01', 59.8, 1936.61, 46000);
INSERT INTO fuel_consumption (vehicle_id, driver_id, date, liters, cost, odometer_reading) VALUES (13, 8, '2023-05-01', 59.3, 1892.17, 47000);
INSERT INTO fuel_consumption (vehicle_id, driver_id, date, liters, cost, odometer_reading) VALUES (13, 8, '2023-06-01', 46.4, 1788.55, 48000);
INSERT INTO fuel_consumption (vehicle_id, driver_id, date, liters, cost, odometer_reading) VALUES (13, 8, '2023-07-01', 64.5, 2572.07, 49000);
INSERT INTO fuel_consumption (vehicle_id, driver_id, date, liters, cost, odometer_reading) VALUES (13, 8, '2023-08-01', 41.2, 1468.67, 50000);
INSERT INTO fuel_consumption (vehicle_id, driver_id, date, liters, cost, odometer_reading) VALUES (13, 8, '2023-09-01', 64.8, 2381.67, 51000);
INSERT INTO fuel_consumption (vehicle_id, driver_id, date, liters, cost, odometer_reading) VALUES (13, 8, '2023-10-01', 66.5, 2644.06, 52000);
INSERT INTO fuel_consumption (vehicle_id, driver_id, date, liters, cost, odometer_reading) VALUES (13, 8, '2023-11-01', 66.1, 2165.94, 53000);
INSERT INTO fuel_consumption (vehicle_id, driver_id, date, liters, cost, odometer_reading) VALUES (13, 8, '2023-12-01', 43.4, 1707.37, 54000);
INSERT INTO fuel_consumption (vehicle_id, driver_id, date, liters, cost, odometer_reading) VALUES (14, 8, '2023-01-01', 46.5, 1825.23, 44000);
INSERT INTO fuel_consumption (vehicle_id, driver_id, date, liters, cost, odometer_reading) VALUES (14, 8, '2023-02-01', 49.1, 1778.55, 45000);
INSERT INTO fuel_consumption (vehicle_id, driver_id, date, liters, cost, odometer_reading) VALUES (14, 8, '2023-03-01', 56.8, 2091.95, 46000);
INSERT INTO fuel_consumption (vehicle_id, driver_id, date, liters, cost, odometer_reading) VALUES (14, 8, '2023-04-01', 56.5, 1958.14, 47000);
INSERT INTO fuel_consumption (vehicle_id, driver_id, date, liters, cost, odometer_reading) VALUES (14, 8, '2023-05-01', 60.5, 2258.25, 48000);
INSERT INTO fuel_consumption (vehicle_id, driver_id, date, liters, cost, odometer_reading) VALUES (14, 8, '2023-06-01', 46.7, 1453.43, 49000);
INSERT INTO fuel_consumption (vehicle_id, driver_id, date, liters, cost, odometer_reading) VALUES (14, 8, '2023-07-01', 54.1, 1817.47, 50000);
INSERT INTO fuel_consumption (vehicle_id, driver_id, date, liters, cost, odometer_reading) VALUES (14, 8, '2023-08-01', 64.9, 2567.65, 51000);
INSERT INTO fuel_consumption (vehicle_id, driver_id, date, liters, cost, odometer_reading) VALUES (14, 8, '2023-09-01', 56.8, 1785.49, 52000);
INSERT INTO fuel_consumption (vehicle_id, driver_id, date, liters, cost, odometer_reading) VALUES (14, 8, '2023-10-01', 52.6, 1707.32, 53000);
INSERT INTO fuel_consumption (vehicle_id, driver_id, date, liters, cost, odometer_reading) VALUES (14, 8, '2023-11-01', 62.3, 2224.01, 54000);
INSERT INTO fuel_consumption (vehicle_id, driver_id, date, liters, cost, odometer_reading) VALUES (14, 8, '2023-12-01', 58.9, 2312.31, 55000);
INSERT INTO fuel_consumption (vehicle_id, driver_id, date, liters, cost, odometer_reading) VALUES (15, 8, '2023-01-01', 44.0, 1710.18, 45000);
INSERT INTO fuel_consumption (vehicle_id, driver_id, date, liters, cost, odometer_reading) VALUES (15, 8, '2023-02-01', 46.0, 1650.65, 46000);
INSERT INTO fuel_consumption (vehicle_id, driver_id, date, liters, cost, odometer_reading) VALUES (15, 8, '2023-03-01', 66.8, 2137.98, 47000);
INSERT INTO fuel_consumption (vehicle_id, driver_id, date, liters, cost, odometer_reading) VALUES (15, 8, '2023-04-01', 40.7, 1273.23, 48000);
INSERT INTO fuel_consumption (vehicle_id, driver_id, date, liters, cost, odometer_reading) VALUES (15, 8, '2023-05-01', 60.1, 2247.49, 49000);
INSERT INTO fuel_consumption (vehicle_id, driver_id, date, liters, cost, odometer_reading) VALUES (15, 8, '2023-06-01', 57.0, 1715.22, 50000);
INSERT INTO fuel_consumption (vehicle_id, driver_id, date, liters, cost, odometer_reading) VALUES (15, 8, '2023-07-01', 69.4, 2579.64, 51000);
INSERT INTO fuel_consumption (vehicle_id, driver_id, date, liters, cost, odometer_reading) VALUES (15, 8, '2023-08-01', 60.5, 2001.48, 52000);
INSERT INTO fuel_consumption (vehicle_id, driver_id, date, liters, cost, odometer_reading) VALUES (15, 8, '2023-09-01', 64.4, 2004.51, 53000);
INSERT INTO fuel_consumption (vehicle_id, driver_id, date, liters, cost, odometer_reading) VALUES (15, 8, '2023-10-01', 49.9, 1532.3, 54000);
INSERT INTO fuel_consumption (vehicle_id, driver_id, date, liters, cost, odometer_reading) VALUES (15, 8, '2023-11-01', 55.9, 1987.9, 55000);
INSERT INTO fuel_consumption (vehicle_id, driver_id, date, liters, cost, odometer_reading) VALUES (15, 8, '2023-12-01', 40.9, 1497.11, 56000);
INSERT INTO vehicle_usage (vehicle_id, driver_id, start_date, end_date, start_odometer, end_odometer, purpose, is_verified) VALUES (1, 3, '2023-01-01', '2023-01-28', 32533, 33359, 'Aylık kullanım', TRUE);
INSERT INTO vehicle_usage (vehicle_id, driver_id, start_date, end_date, start_odometer, end_odometer, purpose, is_verified) VALUES (1, 3, '2023-02-01', '2023-02-28', 33359, 34371, 'Aylık kullanım', TRUE);
INSERT INTO vehicle_usage (vehicle_id, driver_id, start_date, end_date, start_odometer, end_odometer, purpose, is_verified) VALUES (1, 3, '2023-03-01', '2023-03-28', 34371, 35376, 'Aylık kullanım', TRUE);
INSERT INTO vehicle_usage (vehicle_id, driver_id, start_date, end_date, start_odometer, end_odometer, purpose, is_verified) VALUES (1, 3, '2023-04-01', '2023-04-28', 35376, 36349, 'Aylık kullanım', TRUE);
INSERT INTO vehicle_usage (vehicle_id, driver_id, start_date, end_date, start_odometer, end_odometer, purpose, is_verified) VALUES (1, 3, '2023-05-01', '2023-05-28', 36349, 37491, 'Aylık kullanım', TRUE);
INSERT INTO vehicle_usage (vehicle_id, driver_id, start_date, end_date, start_odometer, end_odometer, purpose, is_verified) VALUES (1, 3, '2023-06-01', '2023-06-28', 37491, 38656, 'Aylık kullanım', TRUE);
INSERT INTO vehicle_usage (vehicle_id, driver_id, start_date, end_date, start_odometer, end_odometer, purpose, is_verified) VALUES (1, 3, '2023-07-01', '2023-07-28', 38656, 39794, 'Aylık kullanım', TRUE);
INSERT INTO vehicle_usage (vehicle_id, driver_id, start_date, end_date, start_odometer, end_odometer, purpose, is_verified) VALUES (1, 3, '2023-08-01', '2023-08-28', 39794, 40836, 'Aylık kullanım', TRUE);
INSERT INTO vehicle_usage (vehicle_id, driver_id, start_date, end_date, start_odometer, end_odometer, purpose, is_verified) VALUES (1, 3, '2023-09-01', '2023-09-28', 40836, 41852, 'Aylık kullanım', TRUE);
INSERT INTO vehicle_usage (vehicle_id, driver_id, start_date, end_date, start_odometer, end_odometer, purpose, is_verified) VALUES (1, 3, '2023-10-01', '2023-10-28', 41852, 42962, 'Aylık kullanım', TRUE);
INSERT INTO vehicle_usage (vehicle_id, driver_id, start_date, end_date, start_odometer, end_odometer, purpose, is_verified) VALUES (1, 3, '2023-11-01', '2023-11-28', 42962, 44064, 'Aylık kullanım', TRUE);
INSERT INTO vehicle_usage (vehicle_id, driver_id, start_date, end_date, start_odometer, end_odometer, purpose, is_verified) VALUES (1, 3, '2023-12-01', '2023-12-28', 44064, 44955, 'Aylık kullanım', TRUE);
INSERT INTO vehicle_usage (vehicle_id, driver_id, start_date, end_date, start_odometer, end_odometer, purpose, is_verified) VALUES (2, 3, '2023-01-01', '2023-01-28', 31845, 32790, 'Aylık kullanım', TRUE);
INSERT INTO vehicle_usage (vehicle_id, driver_id, start_date, end_date, start_odometer, end_odometer, purpose, is_verified) VALUES (2, 3, '2023-02-01', '2023-02-28', 32790, 33614, 'Aylık kullanım', TRUE);
INSERT INTO vehicle_usage (vehicle_id, driver_id, start_date, end_date, start_odometer, end_odometer, purpose, is_verified) VALUES (2, 3, '2023-03-01', '2023-03-28', 33614, 34426, 'Aylık kullanım', TRUE);
INSERT INTO vehicle_usage (vehicle_id, driver_id, start_date, end_date, start_odometer, end_odometer, purpose, is_verified) VALUES (2, 3, '2023-04-01', '2023-04-28', 34426, 35281, 'Aylık kullanım', TRUE);
INSERT INTO vehicle_usage (vehicle_id, driver_id, start_date, end_date, start_odometer, end_odometer, purpose, is_verified) VALUES (2, 3, '2023-05-01', '2023-05-28', 35281, 36082, 'Aylık kullanım', TRUE);
INSERT INTO vehicle_usage (vehicle_id, driver_id, start_date, end_date, start_odometer, end_odometer, purpose, is_verified) VALUES (2, 3, '2023-06-01', '2023-06-28', 36082, 36973, 'Aylık kullanım', TRUE);
INSERT INTO vehicle_usage (vehicle_id, driver_id, start_date, end_date, start_odometer, end_odometer, purpose, is_verified) VALUES (2, 3, '2023-07-01', '2023-07-28', 36973, 37966, 'Aylık kullanım', TRUE);
INSERT INTO vehicle_usage (vehicle_id, driver_id, start_date, end_date, start_odometer, end_odometer, purpose, is_verified) VALUES (2, 3, '2023-08-01', '2023-08-28', 37966, 38899, 'Aylık kullanım', TRUE);
INSERT INTO vehicle_usage (vehicle_id, driver_id, start_date, end_date, start_odometer, end_odometer, purpose, is_verified) VALUES (2, 3, '2023-09-01', '2023-09-28', 38899, 39857, 'Aylık kullanım', TRUE);
INSERT INTO vehicle_usage (vehicle_id, driver_id, start_date, end_date, start_odometer, end_odometer, purpose, is_verified) VALUES (2, 3, '2023-10-01', '2023-10-28', 39857, 40987, 'Aylık kullanım', TRUE);
INSERT INTO vehicle_usage (vehicle_id, driver_id, start_date, end_date, start_odometer, end_odometer, purpose, is_verified) VALUES (2, 3, '2023-11-01', '2023-11-28', 40987, 42113, 'Aylık kullanım', TRUE);
INSERT INTO vehicle_usage (vehicle_id, driver_id, start_date, end_date, start_odometer, end_odometer, purpose, is_verified) VALUES (2, 3, '2023-12-01', '2023-12-28', 42113, 43312, 'Aylık kullanım', TRUE);
INSERT INTO vehicle_usage (vehicle_id, driver_id, start_date, end_date, start_odometer, end_odometer, purpose, is_verified) VALUES (3, 3, '2023-01-01', '2023-01-28', 30402, 31459, 'Aylık kullanım', TRUE);
INSERT INTO vehicle_usage (vehicle_id, driver_id, start_date, end_date, start_odometer, end_odometer, purpose, is_verified) VALUES (3, 3, '2023-02-01', '2023-02-28', 31459, 32555, 'Aylık kullanım', TRUE);
INSERT INTO vehicle_usage (vehicle_id, driver_id, start_date, end_date, start_odometer, end_odometer, purpose, is_verified) VALUES (3, 3, '2023-03-01', '2023-03-28', 32555, 33617, 'Aylık kullanım', TRUE);
INSERT INTO vehicle_usage (vehicle_id, driver_id, start_date, end_date, start_odometer, end_odometer, purpose, is_verified) VALUES (3, 3, '2023-04-01', '2023-04-28', 33617, 34549, 'Aylık kullanım', TRUE);
INSERT INTO vehicle_usage (vehicle_id, driver_id, start_date, end_date, start_odometer, end_odometer, purpose, is_verified) VALUES (3, 3, '2023-05-01', '2023-05-28', 34549, 35548, 'Aylık kullanım', TRUE);
INSERT INTO vehicle_usage (vehicle_id, driver_id, start_date, end_date, start_odometer, end_odometer, purpose, is_verified) VALUES (3, 3, '2023-06-01', '2023-06-28', 35548, 36699, 'Aylık kullanım', TRUE);
INSERT INTO vehicle_usage (vehicle_id, driver_id, start_date, end_date, start_odometer, end_odometer, purpose, is_verified) VALUES (3, 3, '2023-07-01', '2023-07-28', 36699, 37800, 'Aylık kullanım', TRUE);
INSERT INTO vehicle_usage (vehicle_id, driver_id, start_date, end_date, start_odometer, end_odometer, purpose, is_verified) VALUES (3, 3, '2023-08-01', '2023-08-28', 37800, 38742, 'Aylık kullanım', TRUE);
INSERT INTO vehicle_usage (vehicle_id, driver_id, start_date, end_date, start_odometer, end_odometer, purpose, is_verified) VALUES (3, 3, '2023-09-01', '2023-09-28', 38742, 39643, 'Aylık kullanım', TRUE);
INSERT INTO vehicle_usage (vehicle_id, driver_id, start_date, end_date, start_odometer, end_odometer, purpose, is_verified) VALUES (3, 3, '2023-10-01', '2023-10-28', 39643, 40702, 'Aylık kullanım', TRUE);
INSERT INTO vehicle_usage (vehicle_id, driver_id, start_date, end_date, start_odometer, end_odometer, purpose, is_verified) VALUES (3, 3, '2023-11-01', '2023-11-28', 40702, 41758, 'Aylık kullanım', TRUE);
INSERT INTO vehicle_usage (vehicle_id, driver_id, start_date, end_date, start_odometer, end_odometer, purpose, is_verified) VALUES (3, 3, '2023-12-01', '2023-12-28', 41758, 42580, 'Aylık kullanım', TRUE);
INSERT INTO vehicle_usage (vehicle_id, driver_id, start_date, end_date, start_odometer, end_odometer, purpose, is_verified) VALUES (4, 3, '2023-01-01', '2023-01-28', 30947, 31860, 'Aylık kullanım', TRUE);
INSERT INTO vehicle_usage (vehicle_id, driver_id, start_date, end_date, start_odometer, end_odometer, purpose, is_verified) VALUES (4, 3, '2023-02-01', '2023-02-28', 31860, 32918, 'Aylık kullanım', TRUE);
INSERT INTO vehicle_usage (vehicle_id, driver_id, start_date, end_date, start_odometer, end_odometer, purpose, is_verified) VALUES (4, 3, '2023-03-01', '2023-03-28', 32918, 33963, 'Aylık kullanım', TRUE);
INSERT INTO vehicle_usage (vehicle_id, driver_id, start_date, end_date, start_odometer, end_odometer, purpose, is_verified) VALUES (4, 3, '2023-04-01', '2023-04-28', 33963, 35069, 'Aylık kullanım', TRUE);
INSERT INTO vehicle_usage (vehicle_id, driver_id, start_date, end_date, start_odometer, end_odometer, purpose, is_verified) VALUES (4, 3, '2023-05-01', '2023-05-28', 35069, 36191, 'Aylık kullanım', TRUE);
INSERT INTO vehicle_usage (vehicle_id, driver_id, start_date, end_date, start_odometer, end_odometer, purpose, is_verified) VALUES (4, 3, '2023-06-01', '2023-06-28', 36191, 37253, 'Aylık kullanım', TRUE);
INSERT INTO vehicle_usage (vehicle_id, driver_id, start_date, end_date, start_odometer, end_odometer, purpose, is_verified) VALUES (4, 3, '2023-07-01', '2023-07-28', 37253, 38338, 'Aylık kullanım', TRUE);
INSERT INTO vehicle_usage (vehicle_id, driver_id, start_date, end_date, start_odometer, end_odometer, purpose, is_verified) VALUES (4, 3, '2023-08-01', '2023-08-28', 38338, 39254, 'Aylık kullanım', TRUE);
INSERT INTO vehicle_usage (vehicle_id, driver_id, start_date, end_date, start_odometer, end_odometer, purpose, is_verified) VALUES (4, 3, '2023-09-01', '2023-09-28', 39254, 40449, 'Aylık kullanım', TRUE);
INSERT INTO vehicle_usage (vehicle_id, driver_id, start_date, end_date, start_odometer, end_odometer, purpose, is_verified) VALUES (4, 3, '2023-10-01', '2023-10-28', 40449, 41636, 'Aylık kullanım', TRUE);
INSERT INTO vehicle_usage (vehicle_id, driver_id, start_date, end_date, start_odometer, end_odometer, purpose, is_verified) VALUES (4, 3, '2023-11-01', '2023-11-28', 41636, 42817, 'Aylık kullanım', TRUE);
INSERT INTO vehicle_usage (vehicle_id, driver_id, start_date, end_date, start_odometer, end_odometer, purpose, is_verified) VALUES (4, 3, '2023-12-01', '2023-12-28', 42817, 44002, 'Aylık kullanım', TRUE);
INSERT INTO vehicle_usage (vehicle_id, driver_id, start_date, end_date, start_odometer, end_odometer, purpose, is_verified) VALUES (5, 3, '2023-01-01', '2023-01-28', 32353, 33503, 'Aylık kullanım', TRUE);
INSERT INTO vehicle_usage (vehicle_id, driver_id, start_date, end_date, start_odometer, end_odometer, purpose, is_verified) VALUES (5, 3, '2023-02-01', '2023-02-28', 33503, 34396, 'Aylık kullanım', TRUE);
INSERT INTO vehicle_usage (vehicle_id, driver_id, start_date, end_date, start_odometer, end_odometer, purpose, is_verified) VALUES (5, 3, '2023-03-01', '2023-03-28', 34396, 35434, 'Aylık kullanım', TRUE);
INSERT INTO vehicle_usage (vehicle_id, driver_id, start_date, end_date, start_odometer, end_odometer, purpose, is_verified) VALUES (5, 3, '2023-04-01', '2023-04-28', 35434, 36571, 'Aylık kullanım', TRUE);
INSERT INTO vehicle_usage (vehicle_id, driver_id, start_date, end_date, start_odometer, end_odometer, purpose, is_verified) VALUES (5, 3, '2023-05-01', '2023-05-28', 36571, 37754, 'Aylık kullanım', TRUE);
INSERT INTO vehicle_usage (vehicle_id, driver_id, start_date, end_date, start_odometer, end_odometer, purpose, is_verified) VALUES (5, 3, '2023-06-01', '2023-06-28', 37754, 38597, 'Aylık kullanım', TRUE);
INSERT INTO vehicle_usage (vehicle_id, driver_id, start_date, end_date, start_odometer, end_odometer, purpose, is_verified) VALUES (5, 3, '2023-07-01', '2023-07-28', 38597, 39627, 'Aylık kullanım', TRUE);
INSERT INTO vehicle_usage (vehicle_id, driver_id, start_date, end_date, start_odometer, end_odometer, purpose, is_verified) VALUES (5, 3, '2023-08-01', '2023-08-28', 39627, 40668, 'Aylık kullanım', TRUE);
INSERT INTO vehicle_usage (vehicle_id, driver_id, start_date, end_date, start_odometer, end_odometer, purpose, is_verified) VALUES (5, 3, '2023-09-01', '2023-09-28', 40668, 41863, 'Aylık kullanım', TRUE);
INSERT INTO vehicle_usage (vehicle_id, driver_id, start_date, end_date, start_odometer, end_odometer, purpose, is_verified) VALUES (5, 3, '2023-10-01', '2023-10-28', 41863, 42868, 'Aylık kullanım', TRUE);
INSERT INTO vehicle_usage (vehicle_id, driver_id, start_date, end_date, start_odometer, end_odometer, purpose, is_verified) VALUES (5, 3, '2023-11-01', '2023-11-28', 42868, 43672, 'Aylık kullanım', TRUE);
INSERT INTO vehicle_usage (vehicle_id, driver_id, start_date, end_date, start_odometer, end_odometer, purpose, is_verified) VALUES (5, 3, '2023-12-01', '2023-12-28', 43672, 44803, 'Aylık kullanım', TRUE);
INSERT INTO vehicle_usage (vehicle_id, driver_id, start_date, end_date, start_odometer, end_odometer, purpose, is_verified) VALUES (6, 6, '2023-01-01', '2023-01-28', 32500, 33539, 'Aylık kullanım', TRUE);
INSERT INTO vehicle_usage (vehicle_id, driver_id, start_date, end_date, start_odometer, end_odometer, purpose, is_verified) VALUES (6, 6, '2023-02-01', '2023-02-28', 33539, 34518, 'Aylık kullanım', TRUE);
INSERT INTO vehicle_usage (vehicle_id, driver_id, start_date, end_date, start_odometer, end_odometer, purpose, is_verified) VALUES (6, 6, '2023-03-01', '2023-03-28', 34518, 35553, 'Aylık kullanım', TRUE);
INSERT INTO vehicle_usage (vehicle_id, driver_id, start_date, end_date, start_odometer, end_odometer, purpose, is_verified) VALUES (6, 6, '2023-04-01', '2023-04-28', 35553, 36493, 'Aylık kullanım', TRUE);
INSERT INTO vehicle_usage (vehicle_id, driver_id, start_date, end_date, start_odometer, end_odometer, purpose, is_verified) VALUES (6, 6, '2023-05-01', '2023-05-28', 36493, 37587, 'Aylık kullanım', TRUE);
INSERT INTO vehicle_usage (vehicle_id, driver_id, start_date, end_date, start_odometer, end_odometer, purpose, is_verified) VALUES (6, 6, '2023-06-01', '2023-06-28', 37587, 38469, 'Aylık kullanım', TRUE);
INSERT INTO vehicle_usage (vehicle_id, driver_id, start_date, end_date, start_odometer, end_odometer, purpose, is_verified) VALUES (6, 6, '2023-07-01', '2023-07-28', 38469, 39413, 'Aylık kullanım', TRUE);
INSERT INTO vehicle_usage (vehicle_id, driver_id, start_date, end_date, start_odometer, end_odometer, purpose, is_verified) VALUES (6, 6, '2023-08-01', '2023-08-28', 39413, 40502, 'Aylık kullanım', TRUE);
INSERT INTO vehicle_usage (vehicle_id, driver_id, start_date, end_date, start_odometer, end_odometer, purpose, is_verified) VALUES (6, 6, '2023-09-01', '2023-09-28', 40502, 41307, 'Aylık kullanım', TRUE);
INSERT INTO vehicle_usage (vehicle_id, driver_id, start_date, end_date, start_odometer, end_odometer, purpose, is_verified) VALUES (6, 6, '2023-10-01', '2023-10-28', 41307, 42490, 'Aylık kullanım', TRUE);
INSERT INTO vehicle_usage (vehicle_id, driver_id, start_date, end_date, start_odometer, end_odometer, purpose, is_verified) VALUES (6, 6, '2023-11-01', '2023-11-28', 42490, 43368, 'Aylık kullanım', TRUE);
INSERT INTO vehicle_usage (vehicle_id, driver_id, start_date, end_date, start_odometer, end_odometer, purpose, is_verified) VALUES (6, 6, '2023-12-01', '2023-12-28', 43368, 44472, 'Aylık kullanım', TRUE);
INSERT INTO vehicle_usage (vehicle_id, driver_id, start_date, end_date, start_odometer, end_odometer, purpose, is_verified) VALUES (7, 6, '2023-01-01', '2023-01-28', 32247, 33279, 'Aylık kullanım', TRUE);
INSERT INTO vehicle_usage (vehicle_id, driver_id, start_date, end_date, start_odometer, end_odometer, purpose, is_verified) VALUES (7, 6, '2023-02-01', '2023-02-28', 33279, 34191, 'Aylık kullanım', TRUE);
INSERT INTO vehicle_usage (vehicle_id, driver_id, start_date, end_date, start_odometer, end_odometer, purpose, is_verified) VALUES (7, 6, '2023-03-01', '2023-03-28', 34191, 35336, 'Aylık kullanım', TRUE);
INSERT INTO vehicle_usage (vehicle_id, driver_id, start_date, end_date, start_odometer, end_odometer, purpose, is_verified) VALUES (7, 6, '2023-04-01', '2023-04-28', 35336, 36161, 'Aylık kullanım', TRUE);
INSERT INTO vehicle_usage (vehicle_id, driver_id, start_date, end_date, start_odometer, end_odometer, purpose, is_verified) VALUES (7, 6, '2023-05-01', '2023-05-28', 36161, 37244, 'Aylık kullanım', TRUE);
INSERT INTO vehicle_usage (vehicle_id, driver_id, start_date, end_date, start_odometer, end_odometer, purpose, is_verified) VALUES (7, 6, '2023-06-01', '2023-06-28', 37244, 38254, 'Aylık kullanım', TRUE);
INSERT INTO vehicle_usage (vehicle_id, driver_id, start_date, end_date, start_odometer, end_odometer, purpose, is_verified) VALUES (7, 6, '2023-07-01', '2023-07-28', 38254, 39270, 'Aylık kullanım', TRUE);
INSERT INTO vehicle_usage (vehicle_id, driver_id, start_date, end_date, start_odometer, end_odometer, purpose, is_verified) VALUES (7, 6, '2023-08-01', '2023-08-28', 39270, 40384, 'Aylık kullanım', TRUE);
INSERT INTO vehicle_usage (vehicle_id, driver_id, start_date, end_date, start_odometer, end_odometer, purpose, is_verified) VALUES (7, 6, '2023-09-01', '2023-09-28', 40384, 41560, 'Aylık kullanım', TRUE);
INSERT INTO vehicle_usage (vehicle_id, driver_id, start_date, end_date, start_odometer, end_odometer, purpose, is_verified) VALUES (7, 6, '2023-10-01', '2023-10-28', 41560, 42495, 'Aylık kullanım', TRUE);
INSERT INTO vehicle_usage (vehicle_id, driver_id, start_date, end_date, start_odometer, end_odometer, purpose, is_verified) VALUES (7, 6, '2023-11-01', '2023-11-28', 42495, 43332, 'Aylık kullanım', TRUE);
INSERT INTO vehicle_usage (vehicle_id, driver_id, start_date, end_date, start_odometer, end_odometer, purpose, is_verified) VALUES (7, 6, '2023-12-01', '2023-12-28', 43332, 44374, 'Aylık kullanım', TRUE);
INSERT INTO vehicle_usage (vehicle_id, driver_id, start_date, end_date, start_odometer, end_odometer, purpose, is_verified) VALUES (8, 6, '2023-01-01', '2023-01-28', 31439, 32251, 'Aylık kullanım', TRUE);
INSERT INTO vehicle_usage (vehicle_id, driver_id, start_date, end_date, start_odometer, end_odometer, purpose, is_verified) VALUES (8, 6, '2023-02-01', '2023-02-28', 32251, 33107, 'Aylık kullanım', TRUE);
INSERT INTO vehicle_usage (vehicle_id, driver_id, start_date, end_date, start_odometer, end_odometer, purpose, is_verified) VALUES (8, 6, '2023-03-01', '2023-03-28', 33107, 34213, 'Aylık kullanım', TRUE);
INSERT INTO vehicle_usage (vehicle_id, driver_id, start_date, end_date, start_odometer, end_odometer, purpose, is_verified) VALUES (8, 6, '2023-04-01', '2023-04-28', 34213, 35330, 'Aylık kullanım', TRUE);
INSERT INTO vehicle_usage (vehicle_id, driver_id, start_date, end_date, start_odometer, end_odometer, purpose, is_verified) VALUES (8, 6, '2023-05-01', '2023-05-28', 35330, 36160, 'Aylık kullanım', TRUE);
INSERT INTO vehicle_usage (vehicle_id, driver_id, start_date, end_date, start_odometer, end_odometer, purpose, is_verified) VALUES (8, 6, '2023-06-01', '2023-06-28', 36160, 37075, 'Aylık kullanım', TRUE);
INSERT INTO vehicle_usage (vehicle_id, driver_id, start_date, end_date, start_odometer, end_odometer, purpose, is_verified) VALUES (8, 6, '2023-07-01', '2023-07-28', 37075, 38172, 'Aylık kullanım', TRUE);
INSERT INTO vehicle_usage (vehicle_id, driver_id, start_date, end_date, start_odometer, end_odometer, purpose, is_verified) VALUES (8, 6, '2023-08-01', '2023-08-28', 38172, 39241, 'Aylık kullanım', TRUE);
INSERT INTO vehicle_usage (vehicle_id, driver_id, start_date, end_date, start_odometer, end_odometer, purpose, is_verified) VALUES (8, 6, '2023-09-01', '2023-09-28', 39241, 40406, 'Aylık kullanım', TRUE);
INSERT INTO vehicle_usage (vehicle_id, driver_id, start_date, end_date, start_odometer, end_odometer, purpose, is_verified) VALUES (8, 6, '2023-10-01', '2023-10-28', 40406, 41374, 'Aylık kullanım', TRUE);
INSERT INTO vehicle_usage (vehicle_id, driver_id, start_date, end_date, start_odometer, end_odometer, purpose, is_verified) VALUES (8, 6, '2023-11-01', '2023-11-28', 41374, 42366, 'Aylık kullanım', TRUE);
INSERT INTO vehicle_usage (vehicle_id, driver_id, start_date, end_date, start_odometer, end_odometer, purpose, is_verified) VALUES (8, 6, '2023-12-01', '2023-12-28', 42366, 43344, 'Aylık kullanım', TRUE);
INSERT INTO vehicle_usage (vehicle_id, driver_id, start_date, end_date, start_odometer, end_odometer, purpose, is_verified) VALUES (9, 6, '2023-01-01', '2023-01-28', 30886, 31865, 'Aylık kullanım', TRUE);
INSERT INTO vehicle_usage (vehicle_id, driver_id, start_date, end_date, start_odometer, end_odometer, purpose, is_verified) VALUES (9, 6, '2023-02-01', '2023-02-28', 31865, 33031, 'Aylık kullanım', TRUE);
INSERT INTO vehicle_usage (vehicle_id, driver_id, start_date, end_date, start_odometer, end_odometer, purpose, is_verified) VALUES (9, 6, '2023-03-01', '2023-03-28', 33031, 34171, 'Aylık kullanım', TRUE);
INSERT INTO vehicle_usage (vehicle_id, driver_id, start_date, end_date, start_odometer, end_odometer, purpose, is_verified) VALUES (9, 6, '2023-04-01', '2023-04-28', 34171, 35314, 'Aylık kullanım', TRUE);
INSERT INTO vehicle_usage (vehicle_id, driver_id, start_date, end_date, start_odometer, end_odometer, purpose, is_verified) VALUES (9, 6, '2023-05-01', '2023-05-28', 35314, 36478, 'Aylık kullanım', TRUE);
INSERT INTO vehicle_usage (vehicle_id, driver_id, start_date, end_date, start_odometer, end_odometer, purpose, is_verified) VALUES (9, 6, '2023-06-01', '2023-06-28', 36478, 37278, 'Aylık kullanım', TRUE);
INSERT INTO vehicle_usage (vehicle_id, driver_id, start_date, end_date, start_odometer, end_odometer, purpose, is_verified) VALUES (9, 6, '2023-07-01', '2023-07-28', 37278, 38160, 'Aylık kullanım', TRUE);
INSERT INTO vehicle_usage (vehicle_id, driver_id, start_date, end_date, start_odometer, end_odometer, purpose, is_verified) VALUES (9, 6, '2023-08-01', '2023-08-28', 38160, 39344, 'Aylık kullanım', TRUE);
INSERT INTO vehicle_usage (vehicle_id, driver_id, start_date, end_date, start_odometer, end_odometer, purpose, is_verified) VALUES (9, 6, '2023-09-01', '2023-09-28', 39344, 40436, 'Aylık kullanım', TRUE);
INSERT INTO vehicle_usage (vehicle_id, driver_id, start_date, end_date, start_odometer, end_odometer, purpose, is_verified) VALUES (9, 6, '2023-10-01', '2023-10-28', 40436, 41531, 'Aylık kullanım', TRUE);
INSERT INTO vehicle_usage (vehicle_id, driver_id, start_date, end_date, start_odometer, end_odometer, purpose, is_verified) VALUES (9, 6, '2023-11-01', '2023-11-28', 41531, 42699, 'Aylık kullanım', TRUE);
INSERT INTO vehicle_usage (vehicle_id, driver_id, start_date, end_date, start_odometer, end_odometer, purpose, is_verified) VALUES (9, 6, '2023-12-01', '2023-12-28', 42699, 43520, 'Aylık kullanım', TRUE);
INSERT INTO vehicle_usage (vehicle_id, driver_id, start_date, end_date, start_odometer, end_odometer, purpose, is_verified) VALUES (10, 6, '2023-01-01', '2023-01-28', 32129, 33257, 'Aylık kullanım', TRUE);
INSERT INTO vehicle_usage (vehicle_id, driver_id, start_date, end_date, start_odometer, end_odometer, purpose, is_verified) VALUES (10, 6, '2023-02-01', '2023-02-28', 33257, 34396, 'Aylık kullanım', TRUE);
INSERT INTO vehicle_usage (vehicle_id, driver_id, start_date, end_date, start_odometer, end_odometer, purpose, is_verified) VALUES (10, 6, '2023-03-01', '2023-03-28', 34396, 35566, 'Aylık kullanım', TRUE);
INSERT INTO vehicle_usage (vehicle_id, driver_id, start_date, end_date, start_odometer, end_odometer, purpose, is_verified) VALUES (10, 6, '2023-04-01', '2023-04-28', 35566, 36673, 'Aylık kullanım', TRUE);
INSERT INTO vehicle_usage (vehicle_id, driver_id, start_date, end_date, start_odometer, end_odometer, purpose, is_verified) VALUES (10, 6, '2023-05-01', '2023-05-28', 36673, 37732, 'Aylık kullanım', TRUE);
INSERT INTO vehicle_usage (vehicle_id, driver_id, start_date, end_date, start_odometer, end_odometer, purpose, is_verified) VALUES (10, 6, '2023-06-01', '2023-06-28', 37732, 38734, 'Aylık kullanım', TRUE);
INSERT INTO vehicle_usage (vehicle_id, driver_id, start_date, end_date, start_odometer, end_odometer, purpose, is_verified) VALUES (10, 6, '2023-07-01', '2023-07-28', 38734, 39801, 'Aylık kullanım', TRUE);
INSERT INTO vehicle_usage (vehicle_id, driver_id, start_date, end_date, start_odometer, end_odometer, purpose, is_verified) VALUES (10, 6, '2023-08-01', '2023-08-28', 39801, 40762, 'Aylık kullanım', TRUE);
INSERT INTO vehicle_usage (vehicle_id, driver_id, start_date, end_date, start_odometer, end_odometer, purpose, is_verified) VALUES (10, 6, '2023-09-01', '2023-09-28', 40762, 41764, 'Aylık kullanım', TRUE);
INSERT INTO vehicle_usage (vehicle_id, driver_id, start_date, end_date, start_odometer, end_odometer, purpose, is_verified) VALUES (10, 6, '2023-10-01', '2023-10-28', 41764, 42924, 'Aylık kullanım', TRUE);
INSERT INTO vehicle_usage (vehicle_id, driver_id, start_date, end_date, start_odometer, end_odometer, purpose, is_verified) VALUES (10, 6, '2023-11-01', '2023-11-28', 42924, 43874, 'Aylık kullanım', TRUE);
INSERT INTO vehicle_usage (vehicle_id, driver_id, start_date, end_date, start_odometer, end_odometer, purpose, is_verified) VALUES (10, 6, '2023-12-01', '2023-12-28', 43874, 44732, 'Aylık kullanım', TRUE);
INSERT INTO vehicle_usage (vehicle_id, driver_id, start_date, end_date, start_odometer, end_odometer, purpose, is_verified) VALUES (11, 8, '2023-01-01', '2023-01-28', 32037, 33086, 'Aylık kullanım', TRUE);
INSERT INTO vehicle_usage (vehicle_id, driver_id, start_date, end_date, start_odometer, end_odometer, purpose, is_verified) VALUES (11, 8, '2023-02-01', '2023-02-28', 33086, 34051, 'Aylık kullanım', TRUE);
INSERT INTO vehicle_usage (vehicle_id, driver_id, start_date, end_date, start_odometer, end_odometer, purpose, is_verified) VALUES (11, 8, '2023-03-01', '2023-03-28', 34051, 35176, 'Aylık kullanım', TRUE);
INSERT INTO vehicle_usage (vehicle_id, driver_id, start_date, end_date, start_odometer, end_odometer, purpose, is_verified) VALUES (11, 8, '2023-04-01', '2023-04-28', 35176, 35990, 'Aylık kullanım', TRUE);
INSERT INTO vehicle_usage (vehicle_id, driver_id, start_date, end_date, start_odometer, end_odometer, purpose, is_verified) VALUES (11, 8, '2023-05-01', '2023-05-28', 35990, 36873, 'Aylık kullanım', TRUE);
INSERT INTO vehicle_usage (vehicle_id, driver_id, start_date, end_date, start_odometer, end_odometer, purpose, is_verified) VALUES (11, 8, '2023-06-01', '2023-06-28', 36873, 37841, 'Aylık kullanım', TRUE);
INSERT INTO vehicle_usage (vehicle_id, driver_id, start_date, end_date, start_odometer, end_odometer, purpose, is_verified) VALUES (11, 8, '2023-07-01', '2023-07-28', 37841, 38821, 'Aylık kullanım', TRUE);
INSERT INTO vehicle_usage (vehicle_id, driver_id, start_date, end_date, start_odometer, end_odometer, purpose, is_verified) VALUES (11, 8, '2023-08-01', '2023-08-28', 38821, 39856, 'Aylık kullanım', TRUE);
INSERT INTO vehicle_usage (vehicle_id, driver_id, start_date, end_date, start_odometer, end_odometer, purpose, is_verified) VALUES (11, 8, '2023-09-01', '2023-09-28', 39856, 40724, 'Aylık kullanım', TRUE);
INSERT INTO vehicle_usage (vehicle_id, driver_id, start_date, end_date, start_odometer, end_odometer, purpose, is_verified) VALUES (11, 8, '2023-10-01', '2023-10-28', 40724, 41546, 'Aylık kullanım', TRUE);
INSERT INTO vehicle_usage (vehicle_id, driver_id, start_date, end_date, start_odometer, end_odometer, purpose, is_verified) VALUES (11, 8, '2023-11-01', '2023-11-28', 41546, 42602, 'Aylık kullanım', TRUE);
INSERT INTO vehicle_usage (vehicle_id, driver_id, start_date, end_date, start_odometer, end_odometer, purpose, is_verified) VALUES (11, 8, '2023-12-01', '2023-12-28', 42602, 43547, 'Aylık kullanım', TRUE);
INSERT INTO vehicle_usage (vehicle_id, driver_id, start_date, end_date, start_odometer, end_odometer, purpose, is_verified) VALUES (12, 8, '2023-01-01', '2023-01-28', 32707, 33876, 'Aylık kullanım', TRUE);
INSERT INTO vehicle_usage (vehicle_id, driver_id, start_date, end_date, start_odometer, end_odometer, purpose, is_verified) VALUES (12, 8, '2023-02-01', '2023-02-28', 33876, 34746, 'Aylık kullanım', TRUE);
INSERT INTO vehicle_usage (vehicle_id, driver_id, start_date, end_date, start_odometer, end_odometer, purpose, is_verified) VALUES (12, 8, '2023-03-01', '2023-03-28', 34746, 35813, 'Aylık kullanım', TRUE);
INSERT INTO vehicle_usage (vehicle_id, driver_id, start_date, end_date, start_odometer, end_odometer, purpose, is_verified) VALUES (12, 8, '2023-04-01', '2023-04-28', 35813, 36780, 'Aylık kullanım', TRUE);
INSERT INTO vehicle_usage (vehicle_id, driver_id, start_date, end_date, start_odometer, end_odometer, purpose, is_verified) VALUES (12, 8, '2023-05-01', '2023-05-28', 36780, 37892, 'Aylık kullanım', TRUE);
INSERT INTO vehicle_usage (vehicle_id, driver_id, start_date, end_date, start_odometer, end_odometer, purpose, is_verified) VALUES (12, 8, '2023-06-01', '2023-06-28', 37892, 38726, 'Aylık kullanım', TRUE);
INSERT INTO vehicle_usage (vehicle_id, driver_id, start_date, end_date, start_odometer, end_odometer, purpose, is_verified) VALUES (12, 8, '2023-07-01', '2023-07-28', 38726, 39546, 'Aylık kullanım', TRUE);
INSERT INTO vehicle_usage (vehicle_id, driver_id, start_date, end_date, start_odometer, end_odometer, purpose, is_verified) VALUES (12, 8, '2023-08-01', '2023-08-28', 39546, 40656, 'Aylık kullanım', TRUE);
INSERT INTO vehicle_usage (vehicle_id, driver_id, start_date, end_date, start_odometer, end_odometer, purpose, is_verified) VALUES (12, 8, '2023-09-01', '2023-09-28', 40656, 41777, 'Aylık kullanım', TRUE);
INSERT INTO vehicle_usage (vehicle_id, driver_id, start_date, end_date, start_odometer, end_odometer, purpose, is_verified) VALUES (12, 8, '2023-10-01', '2023-10-28', 41777, 42678, 'Aylık kullanım', TRUE);
INSERT INTO vehicle_usage (vehicle_id, driver_id, start_date, end_date, start_odometer, end_odometer, purpose, is_verified) VALUES (12, 8, '2023-11-01', '2023-11-28', 42678, 43758, 'Aylık kullanım', TRUE);
INSERT INTO vehicle_usage (vehicle_id, driver_id, start_date, end_date, start_odometer, end_odometer, purpose, is_verified) VALUES (12, 8, '2023-12-01', '2023-12-28', 43758, 44931, 'Aylık kullanım', TRUE);
INSERT INTO vehicle_usage (vehicle_id, driver_id, start_date, end_date, start_odometer, end_odometer, purpose, is_verified) VALUES (13, 8, '2023-01-01', '2023-01-28', 30105, 31053, 'Aylık kullanım', TRUE);
INSERT INTO vehicle_usage (vehicle_id, driver_id, start_date, end_date, start_odometer, end_odometer, purpose, is_verified) VALUES (13, 8, '2023-02-01', '2023-02-28', 31053, 32008, 'Aylık kullanım', TRUE);
INSERT INTO vehicle_usage (vehicle_id, driver_id, start_date, end_date, start_odometer, end_odometer, purpose, is_verified) VALUES (13, 8, '2023-03-01', '2023-03-28', 32008, 33157, 'Aylık kullanım', TRUE);
INSERT INTO vehicle_usage (vehicle_id, driver_id, start_date, end_date, start_odometer, end_odometer, purpose, is_verified) VALUES (13, 8, '2023-04-01', '2023-04-28', 33157, 34219, 'Aylık kullanım', TRUE);
INSERT INTO vehicle_usage (vehicle_id, driver_id, start_date, end_date, start_odometer, end_odometer, purpose, is_verified) VALUES (13, 8, '2023-05-01', '2023-05-28', 34219, 35252, 'Aylık kullanım', TRUE);
INSERT INTO vehicle_usage (vehicle_id, driver_id, start_date, end_date, start_odometer, end_odometer, purpose, is_verified) VALUES (13, 8, '2023-06-01', '2023-06-28', 35252, 36386, 'Aylık kullanım', TRUE);
INSERT INTO vehicle_usage (vehicle_id, driver_id, start_date, end_date, start_odometer, end_odometer, purpose, is_verified) VALUES (13, 8, '2023-07-01', '2023-07-28', 36386, 37316, 'Aylık kullanım', TRUE);
INSERT INTO vehicle_usage (vehicle_id, driver_id, start_date, end_date, start_odometer, end_odometer, purpose, is_verified) VALUES (13, 8, '2023-08-01', '2023-08-28', 37316, 38464, 'Aylık kullanım', TRUE);
INSERT INTO vehicle_usage (vehicle_id, driver_id, start_date, end_date, start_odometer, end_odometer, purpose, is_verified) VALUES (13, 8, '2023-09-01', '2023-09-28', 38464, 39613, 'Aylık kullanım', TRUE);
INSERT INTO vehicle_usage (vehicle_id, driver_id, start_date, end_date, start_odometer, end_odometer, purpose, is_verified) VALUES (13, 8, '2023-10-01', '2023-10-28', 39613, 40771, 'Aylık kullanım', TRUE);
INSERT INTO vehicle_usage (vehicle_id, driver_id, start_date, end_date, start_odometer, end_odometer, purpose, is_verified) VALUES (13, 8, '2023-11-01', '2023-11-28', 40771, 41671, 'Aylık kullanım', TRUE);
INSERT INTO vehicle_usage (vehicle_id, driver_id, start_date, end_date, start_odometer, end_odometer, purpose, is_verified) VALUES (13, 8, '2023-12-01', '2023-12-28', 41671, 42513, 'Aylık kullanım', TRUE);
INSERT INTO vehicle_usage (vehicle_id, driver_id, start_date, end_date, start_odometer, end_odometer, purpose, is_verified) VALUES (14, 8, '2023-01-01', '2023-01-28', 32043, 33039, 'Aylık kullanım', TRUE);
INSERT INTO vehicle_usage (vehicle_id, driver_id, start_date, end_date, start_odometer, end_odometer, purpose, is_verified) VALUES (14, 8, '2023-02-01', '2023-02-28', 33039, 33869, 'Aylık kullanım', TRUE);
INSERT INTO vehicle_usage (vehicle_id, driver_id, start_date, end_date, start_odometer, end_odometer, purpose, is_verified) VALUES (14, 8, '2023-03-01', '2023-03-28', 33869, 34682, 'Aylık kullanım', TRUE);
INSERT INTO vehicle_usage (vehicle_id, driver_id, start_date, end_date, start_odometer, end_odometer, purpose, is_verified) VALUES (14, 8, '2023-04-01', '2023-04-28', 34682, 35832, 'Aylık kullanım', TRUE);
INSERT INTO vehicle_usage (vehicle_id, driver_id, start_date, end_date, start_odometer, end_odometer, purpose, is_verified) VALUES (14, 8, '2023-05-01', '2023-05-28', 35832, 36985, 'Aylık kullanım', TRUE);
INSERT INTO vehicle_usage (vehicle_id, driver_id, start_date, end_date, start_odometer, end_odometer, purpose, is_verified) VALUES (14, 8, '2023-06-01', '2023-06-28', 36985, 37937, 'Aylık kullanım', TRUE);
INSERT INTO vehicle_usage (vehicle_id, driver_id, start_date, end_date, start_odometer, end_odometer, purpose, is_verified) VALUES (14, 8, '2023-07-01', '2023-07-28', 37937, 38971, 'Aylık kullanım', TRUE);
INSERT INTO vehicle_usage (vehicle_id, driver_id, start_date, end_date, start_odometer, end_odometer, purpose, is_verified) VALUES (14, 8, '2023-08-01', '2023-08-28', 38971, 40116, 'Aylık kullanım', TRUE);
INSERT INTO vehicle_usage (vehicle_id, driver_id, start_date, end_date, start_odometer, end_odometer, purpose, is_verified) VALUES (14, 8, '2023-09-01', '2023-09-28', 40116, 41121, 'Aylık kullanım', TRUE);
INSERT INTO vehicle_usage (vehicle_id, driver_id, start_date, end_date, start_odometer, end_odometer, purpose, is_verified) VALUES (14, 8, '2023-10-01', '2023-10-28', 41121, 41958, 'Aylık kullanım', TRUE);
INSERT INTO vehicle_usage (vehicle_id, driver_id, start_date, end_date, start_odometer, end_odometer, purpose, is_verified) VALUES (14, 8, '2023-11-01', '2023-11-28', 41958, 42817, 'Aylık kullanım', TRUE);
INSERT INTO vehicle_usage (vehicle_id, driver_id, start_date, end_date, start_odometer, end_odometer, purpose, is_verified) VALUES (14, 8, '2023-12-01', '2023-12-28', 42817, 43867, 'Aylık kullanım', TRUE);
INSERT INTO vehicle_usage (vehicle_id, driver_id, start_date, end_date, start_odometer, end_odometer, purpose, is_verified) VALUES (15, 8, '2023-01-01', '2023-01-28', 30494, 31576, 'Aylık kullanım', TRUE);
INSERT INTO vehicle_usage (vehicle_id, driver_id, start_date, end_date, start_odometer, end_odometer, purpose, is_verified) VALUES (15, 8, '2023-02-01', '2023-02-28', 31576, 32668, 'Aylık kullanım', TRUE);
INSERT INTO vehicle_usage (vehicle_id, driver_id, start_date, end_date, start_odometer, end_odometer, purpose, is_verified) VALUES (15, 8, '2023-03-01', '2023-03-28', 32668, 33648, 'Aylık kullanım', TRUE);
INSERT INTO vehicle_usage (vehicle_id, driver_id, start_date, end_date, start_odometer, end_odometer, purpose, is_verified) VALUES (15, 8, '2023-04-01', '2023-04-28', 33648, 34702, 'Aylık kullanım', TRUE);
INSERT INTO vehicle_usage (vehicle_id, driver_id, start_date, end_date, start_odometer, end_odometer, purpose, is_verified) VALUES (15, 8, '2023-05-01', '2023-05-28', 34702, 35839, 'Aylık kullanım', TRUE);
INSERT INTO vehicle_usage (vehicle_id, driver_id, start_date, end_date, start_odometer, end_odometer, purpose, is_verified) VALUES (15, 8, '2023-06-01', '2023-06-28', 35839, 36729, 'Aylık kullanım', TRUE);
INSERT INTO vehicle_usage (vehicle_id, driver_id, start_date, end_date, start_odometer, end_odometer, purpose, is_verified) VALUES (15, 8, '2023-07-01', '2023-07-28', 36729, 37908, 'Aylık kullanım', TRUE);
INSERT INTO vehicle_usage (vehicle_id, driver_id, start_date, end_date, start_odometer, end_odometer, purpose, is_verified) VALUES (15, 8, '2023-08-01', '2023-08-28', 37908, 38977, 'Aylık kullanım', TRUE);
INSERT INTO vehicle_usage (vehicle_id, driver_id, start_date, end_date, start_odometer, end_odometer, purpose, is_verified) VALUES (15, 8, '2023-09-01', '2023-09-28', 38977, 39997, 'Aylık kullanım', TRUE);
INSERT INTO vehicle_usage (vehicle_id, driver_id, start_date, end_date, start_odometer, end_odometer, purpose, is_verified) VALUES (15, 8, '2023-10-01', '2023-10-28', 39997, 40831, 'Aylık kullanım', TRUE);
INSERT INTO vehicle_usage (vehicle_id, driver_id, start_date, end_date, start_odometer, end_odometer, purpose, is_verified) VALUES (15, 8, '2023-11-01', '2023-11-28', 40831, 41864, 'Aylık kullanım', TRUE);
INSERT INTO vehicle_usage (vehicle_id, driver_id, start_date, end_date, start_odometer, end_odometer, purpose, is_verified) VALUES (15, 8, '2023-12-01', '2023-12-28', 41864, 42878, 'Aylık kullanım', TRUE);
INSERT INTO reports (report_id, generated_date, type, title, data) VALUES (1000, '2023-01-28', 'FUEL_CONSUMPTION', '1 Nolu Araç 01.Ay Raporu', '{"summary": "Ay bazlı analiz", "consumption": 1533}');
INSERT INTO reports (report_id, generated_date, type, title, data) VALUES (1001, '2023-02-28', 'FUEL_CONSUMPTION', '1 Nolu Araç 02.Ay Raporu', '{"summary": "Ay bazlı analiz", "consumption": 2873}');
INSERT INTO reports (report_id, generated_date, type, title, data) VALUES (1002, '2023-03-28', 'FUEL_CONSUMPTION', '1 Nolu Araç 03.Ay Raporu', '{"summary": "Ay bazlı analiz", "consumption": 2922}');
INSERT INTO reports (report_id, generated_date, type, title, data) VALUES (1003, '2023-04-28', 'FUEL_CONSUMPTION', '1 Nolu Araç 04.Ay Raporu', '{"summary": "Ay bazlı analiz", "consumption": 1765}');
INSERT INTO reports (report_id, generated_date, type, title, data) VALUES (1004, '2023-05-28', 'FUEL_CONSUMPTION', '1 Nolu Araç 05.Ay Raporu', '{"summary": "Ay bazlı analiz", "consumption": 2262}');
INSERT INTO reports (report_id, generated_date, type, title, data) VALUES (1005, '2023-06-28', 'FUEL_CONSUMPTION', '1 Nolu Araç 06.Ay Raporu', '{"summary": "Ay bazlı analiz", "consumption": 2703}');
INSERT INTO reports (report_id, generated_date, type, title, data) VALUES (1006, '2023-07-28', 'FUEL_CONSUMPTION', '1 Nolu Araç 07.Ay Raporu', '{"summary": "Ay bazlı analiz", "consumption": 2041}');
INSERT INTO reports (report_id, generated_date, type, title, data) VALUES (1007, '2023-08-28', 'FUEL_CONSUMPTION', '1 Nolu Araç 08.Ay Raporu', '{"summary": "Ay bazlı analiz", "consumption": 1745}');
INSERT INTO reports (report_id, generated_date, type, title, data) VALUES (1008, '2023-09-28', 'FUEL_CONSUMPTION', '1 Nolu Araç 09.Ay Raporu', '{"summary": "Ay bazlı analiz", "consumption": 2549}');
INSERT INTO reports (report_id, generated_date, type, title, data) VALUES (1009, '2023-10-28', 'FUEL_CONSUMPTION', '1 Nolu Araç 10.Ay Raporu', '{"summary": "Ay bazlı analiz", "consumption": 2989}');
INSERT INTO reports (report_id, generated_date, type, title, data) VALUES (1010, '2023-11-28', 'FUEL_CONSUMPTION', '1 Nolu Araç 11.Ay Raporu', '{"summary": "Ay bazlı analiz", "consumption": 2290}');
INSERT INTO reports (report_id, generated_date, type, title, data) VALUES (1011, '2023-12-28', 'FUEL_CONSUMPTION', '1 Nolu Araç 12.Ay Raporu', '{"summary": "Ay bazlı analiz", "consumption": 2656}');
INSERT INTO reports (report_id, generated_date, type, title, data) VALUES (1012, '2023-01-28', 'FUEL_CONSUMPTION', '2 Nolu Araç 01.Ay Raporu', '{"summary": "Ay bazlı analiz", "consumption": 1622}');
INSERT INTO reports (report_id, generated_date, type, title, data) VALUES (1013, '2023-02-28', 'FUEL_CONSUMPTION', '2 Nolu Araç 02.Ay Raporu', '{"summary": "Ay bazlı analiz", "consumption": 2686}');
INSERT INTO reports (report_id, generated_date, type, title, data) VALUES (1014, '2023-03-28', 'FUEL_CONSUMPTION', '2 Nolu Araç 03.Ay Raporu', '{"summary": "Ay bazlı analiz", "consumption": 2182}');
INSERT INTO reports (report_id, generated_date, type, title, data) VALUES (1015, '2023-04-28', 'FUEL_CONSUMPTION', '2 Nolu Araç 04.Ay Raporu', '{"summary": "Ay bazlı analiz", "consumption": 1553}');
INSERT INTO reports (report_id, generated_date, type, title, data) VALUES (1016, '2023-05-28', 'FUEL_CONSUMPTION', '2 Nolu Araç 05.Ay Raporu', '{"summary": "Ay bazlı analiz", "consumption": 1963}');
INSERT INTO reports (report_id, generated_date, type, title, data) VALUES (1017, '2023-06-28', 'FUEL_CONSUMPTION', '2 Nolu Araç 06.Ay Raporu', '{"summary": "Ay bazlı analiz", "consumption": 1779}');
INSERT INTO reports (report_id, generated_date, type, title, data) VALUES (1018, '2023-07-28', 'FUEL_CONSUMPTION', '2 Nolu Araç 07.Ay Raporu', '{"summary": "Ay bazlı analiz", "consumption": 2145}');
INSERT INTO reports (report_id, generated_date, type, title, data) VALUES (1019, '2023-08-28', 'FUEL_CONSUMPTION', '2 Nolu Araç 08.Ay Raporu', '{"summary": "Ay bazlı analiz", "consumption": 1621}');
INSERT INTO reports (report_id, generated_date, type, title, data) VALUES (1020, '2023-09-28', 'FUEL_CONSUMPTION', '2 Nolu Araç 09.Ay Raporu', '{"summary": "Ay bazlı analiz", "consumption": 1555}');
INSERT INTO reports (report_id, generated_date, type, title, data) VALUES (1021, '2023-10-28', 'FUEL_CONSUMPTION', '2 Nolu Araç 10.Ay Raporu', '{"summary": "Ay bazlı analiz", "consumption": 2891}');
INSERT INTO reports (report_id, generated_date, type, title, data) VALUES (1022, '2023-11-28', 'FUEL_CONSUMPTION', '2 Nolu Araç 11.Ay Raporu', '{"summary": "Ay bazlı analiz", "consumption": 1527}');
INSERT INTO reports (report_id, generated_date, type, title, data) VALUES (1023, '2023-12-28', 'FUEL_CONSUMPTION', '2 Nolu Araç 12.Ay Raporu', '{"summary": "Ay bazlı analiz", "consumption": 2772}');
INSERT INTO reports (report_id, generated_date, type, title, data) VALUES (1024, '2023-01-28', 'FUEL_CONSUMPTION', '3 Nolu Araç 01.Ay Raporu', '{"summary": "Ay bazlı analiz", "consumption": 1917}');
INSERT INTO reports (report_id, generated_date, type, title, data) VALUES (1025, '2023-02-28', 'FUEL_CONSUMPTION', '3 Nolu Araç 02.Ay Raporu', '{"summary": "Ay bazlı analiz", "consumption": 2614}');
INSERT INTO reports (report_id, generated_date, type, title, data) VALUES (1026, '2023-03-28', 'FUEL_CONSUMPTION', '3 Nolu Araç 03.Ay Raporu', '{"summary": "Ay bazlı analiz", "consumption": 2970}');
INSERT INTO reports (report_id, generated_date, type, title, data) VALUES (1027, '2023-04-28', 'FUEL_CONSUMPTION', '3 Nolu Araç 04.Ay Raporu', '{"summary": "Ay bazlı analiz", "consumption": 1874}');
INSERT INTO reports (report_id, generated_date, type, title, data) VALUES (1028, '2023-05-28', 'FUEL_CONSUMPTION', '3 Nolu Araç 05.Ay Raporu', '{"summary": "Ay bazlı analiz", "consumption": 2603}');
INSERT INTO reports (report_id, generated_date, type, title, data) VALUES (1029, '2023-06-28', 'FUEL_CONSUMPTION', '3 Nolu Araç 06.Ay Raporu', '{"summary": "Ay bazlı analiz", "consumption": 2840}');
INSERT INTO reports (report_id, generated_date, type, title, data) VALUES (1030, '2023-07-28', 'FUEL_CONSUMPTION', '3 Nolu Araç 07.Ay Raporu', '{"summary": "Ay bazlı analiz", "consumption": 2468}');
INSERT INTO reports (report_id, generated_date, type, title, data) VALUES (1031, '2023-08-28', 'FUEL_CONSUMPTION', '3 Nolu Araç 08.Ay Raporu', '{"summary": "Ay bazlı analiz", "consumption": 1856}');
INSERT INTO reports (report_id, generated_date, type, title, data) VALUES (1032, '2023-09-28', 'FUEL_CONSUMPTION', '3 Nolu Araç 09.Ay Raporu', '{"summary": "Ay bazlı analiz", "consumption": 1579}');
INSERT INTO reports (report_id, generated_date, type, title, data) VALUES (1033, '2023-10-28', 'FUEL_CONSUMPTION', '3 Nolu Araç 10.Ay Raporu', '{"summary": "Ay bazlı analiz", "consumption": 2283}');
INSERT INTO reports (report_id, generated_date, type, title, data) VALUES (1034, '2023-11-28', 'FUEL_CONSUMPTION', '3 Nolu Araç 11.Ay Raporu', '{"summary": "Ay bazlı analiz", "consumption": 1536}');
INSERT INTO reports (report_id, generated_date, type, title, data) VALUES (1035, '2023-12-28', 'FUEL_CONSUMPTION', '3 Nolu Araç 12.Ay Raporu', '{"summary": "Ay bazlı analiz", "consumption": 1888}');
INSERT INTO reports (report_id, generated_date, type, title, data) VALUES (1036, '2023-01-28', 'FUEL_CONSUMPTION', '4 Nolu Araç 01.Ay Raporu', '{"summary": "Ay bazlı analiz", "consumption": 2454}');
INSERT INTO reports (report_id, generated_date, type, title, data) VALUES (1037, '2023-02-28', 'FUEL_CONSUMPTION', '4 Nolu Araç 02.Ay Raporu', '{"summary": "Ay bazlı analiz", "consumption": 2744}');
INSERT INTO reports (report_id, generated_date, type, title, data) VALUES (1038, '2023-03-28', 'FUEL_CONSUMPTION', '4 Nolu Araç 03.Ay Raporu', '{"summary": "Ay bazlı analiz", "consumption": 2742}');
INSERT INTO reports (report_id, generated_date, type, title, data) VALUES (1039, '2023-04-28', 'FUEL_CONSUMPTION', '4 Nolu Araç 04.Ay Raporu', '{"summary": "Ay bazlı analiz", "consumption": 2983}');
INSERT INTO reports (report_id, generated_date, type, title, data) VALUES (1040, '2023-05-28', 'FUEL_CONSUMPTION', '4 Nolu Araç 05.Ay Raporu', '{"summary": "Ay bazlı analiz", "consumption": 1649}');
INSERT INTO reports (report_id, generated_date, type, title, data) VALUES (1041, '2023-06-28', 'FUEL_CONSUMPTION', '4 Nolu Araç 06.Ay Raporu', '{"summary": "Ay bazlı analiz", "consumption": 1771}');
INSERT INTO reports (report_id, generated_date, type, title, data) VALUES (1042, '2023-07-28', 'FUEL_CONSUMPTION', '4 Nolu Araç 07.Ay Raporu', '{"summary": "Ay bazlı analiz", "consumption": 2713}');
INSERT INTO reports (report_id, generated_date, type, title, data) VALUES (1043, '2023-08-28', 'FUEL_CONSUMPTION', '4 Nolu Araç 08.Ay Raporu', '{"summary": "Ay bazlı analiz", "consumption": 2174}');
INSERT INTO reports (report_id, generated_date, type, title, data) VALUES (1044, '2023-09-28', 'FUEL_CONSUMPTION', '4 Nolu Araç 09.Ay Raporu', '{"summary": "Ay bazlı analiz", "consumption": 2629}');
INSERT INTO reports (report_id, generated_date, type, title, data) VALUES (1045, '2023-10-28', 'FUEL_CONSUMPTION', '4 Nolu Araç 10.Ay Raporu', '{"summary": "Ay bazlı analiz", "consumption": 2919}');
INSERT INTO reports (report_id, generated_date, type, title, data) VALUES (1046, '2023-11-28', 'FUEL_CONSUMPTION', '4 Nolu Araç 11.Ay Raporu', '{"summary": "Ay bazlı analiz", "consumption": 2185}');
INSERT INTO reports (report_id, generated_date, type, title, data) VALUES (1047, '2023-12-28', 'FUEL_CONSUMPTION', '4 Nolu Araç 12.Ay Raporu', '{"summary": "Ay bazlı analiz", "consumption": 1739}');
INSERT INTO reports (report_id, generated_date, type, title, data) VALUES (1048, '2023-01-28', 'FUEL_CONSUMPTION', '5 Nolu Araç 01.Ay Raporu', '{"summary": "Ay bazlı analiz", "consumption": 2355}');
INSERT INTO reports (report_id, generated_date, type, title, data) VALUES (1049, '2023-02-28', 'FUEL_CONSUMPTION', '5 Nolu Araç 02.Ay Raporu', '{"summary": "Ay bazlı analiz", "consumption": 2799}');
INSERT INTO reports (report_id, generated_date, type, title, data) VALUES (1050, '2023-03-28', 'FUEL_CONSUMPTION', '5 Nolu Araç 03.Ay Raporu', '{"summary": "Ay bazlı analiz", "consumption": 2397}');
INSERT INTO reports (report_id, generated_date, type, title, data) VALUES (1051, '2023-04-28', 'FUEL_CONSUMPTION', '5 Nolu Araç 04.Ay Raporu', '{"summary": "Ay bazlı analiz", "consumption": 2352}');
INSERT INTO reports (report_id, generated_date, type, title, data) VALUES (1052, '2023-05-28', 'FUEL_CONSUMPTION', '5 Nolu Araç 05.Ay Raporu', '{"summary": "Ay bazlı analiz", "consumption": 2746}');
INSERT INTO reports (report_id, generated_date, type, title, data) VALUES (1053, '2023-06-28', 'FUEL_CONSUMPTION', '5 Nolu Araç 06.Ay Raporu', '{"summary": "Ay bazlı analiz", "consumption": 2668}');
INSERT INTO reports (report_id, generated_date, type, title, data) VALUES (1054, '2023-07-28', 'FUEL_CONSUMPTION', '5 Nolu Araç 07.Ay Raporu', '{"summary": "Ay bazlı analiz", "consumption": 2633}');
INSERT INTO reports (report_id, generated_date, type, title, data) VALUES (1055, '2023-08-28', 'FUEL_CONSUMPTION', '5 Nolu Araç 08.Ay Raporu', '{"summary": "Ay bazlı analiz", "consumption": 2312}');
INSERT INTO reports (report_id, generated_date, type, title, data) VALUES (1056, '2023-09-28', 'FUEL_CONSUMPTION', '5 Nolu Araç 09.Ay Raporu', '{"summary": "Ay bazlı analiz", "consumption": 2107}');
INSERT INTO reports (report_id, generated_date, type, title, data) VALUES (1057, '2023-10-28', 'FUEL_CONSUMPTION', '5 Nolu Araç 10.Ay Raporu', '{"summary": "Ay bazlı analiz", "consumption": 1681}');
INSERT INTO reports (report_id, generated_date, type, title, data) VALUES (1058, '2023-11-28', 'FUEL_CONSUMPTION', '5 Nolu Araç 11.Ay Raporu', '{"summary": "Ay bazlı analiz", "consumption": 2020}');
INSERT INTO reports (report_id, generated_date, type, title, data) VALUES (1059, '2023-12-28', 'FUEL_CONSUMPTION', '5 Nolu Araç 12.Ay Raporu', '{"summary": "Ay bazlı analiz", "consumption": 2156}');
INSERT INTO reports (report_id, generated_date, type, title, data) VALUES (1060, '2023-01-28', 'FUEL_CONSUMPTION', '6 Nolu Araç 01.Ay Raporu', '{"summary": "Ay bazlı analiz", "consumption": 2769}');
INSERT INTO reports (report_id, generated_date, type, title, data) VALUES (1061, '2023-02-28', 'FUEL_CONSUMPTION', '6 Nolu Araç 02.Ay Raporu', '{"summary": "Ay bazlı analiz", "consumption": 1847}');
INSERT INTO reports (report_id, generated_date, type, title, data) VALUES (1062, '2023-03-28', 'FUEL_CONSUMPTION', '6 Nolu Araç 03.Ay Raporu', '{"summary": "Ay bazlı analiz", "consumption": 2835}');
INSERT INTO reports (report_id, generated_date, type, title, data) VALUES (1063, '2023-04-28', 'FUEL_CONSUMPTION', '6 Nolu Araç 04.Ay Raporu', '{"summary": "Ay bazlı analiz", "consumption": 2365}');
INSERT INTO reports (report_id, generated_date, type, title, data) VALUES (1064, '2023-05-28', 'FUEL_CONSUMPTION', '6 Nolu Araç 05.Ay Raporu', '{"summary": "Ay bazlı analiz", "consumption": 2018}');
INSERT INTO reports (report_id, generated_date, type, title, data) VALUES (1065, '2023-06-28', 'FUEL_CONSUMPTION', '6 Nolu Araç 06.Ay Raporu', '{"summary": "Ay bazlı analiz", "consumption": 1634}');
INSERT INTO reports (report_id, generated_date, type, title, data) VALUES (1066, '2023-07-28', 'FUEL_CONSUMPTION', '6 Nolu Araç 07.Ay Raporu', '{"summary": "Ay bazlı analiz", "consumption": 2146}');
INSERT INTO reports (report_id, generated_date, type, title, data) VALUES (1067, '2023-08-28', 'FUEL_CONSUMPTION', '6 Nolu Araç 08.Ay Raporu', '{"summary": "Ay bazlı analiz", "consumption": 1529}');
INSERT INTO reports (report_id, generated_date, type, title, data) VALUES (1068, '2023-09-28', 'FUEL_CONSUMPTION', '6 Nolu Araç 09.Ay Raporu', '{"summary": "Ay bazlı analiz", "consumption": 1899}');
INSERT INTO reports (report_id, generated_date, type, title, data) VALUES (1069, '2023-10-28', 'FUEL_CONSUMPTION', '6 Nolu Araç 10.Ay Raporu', '{"summary": "Ay bazlı analiz", "consumption": 1918}');
INSERT INTO reports (report_id, generated_date, type, title, data) VALUES (1070, '2023-11-28', 'FUEL_CONSUMPTION', '6 Nolu Araç 11.Ay Raporu', '{"summary": "Ay bazlı analiz", "consumption": 2677}');
INSERT INTO reports (report_id, generated_date, type, title, data) VALUES (1071, '2023-12-28', 'FUEL_CONSUMPTION', '6 Nolu Araç 12.Ay Raporu', '{"summary": "Ay bazlı analiz", "consumption": 1683}');
INSERT INTO reports (report_id, generated_date, type, title, data) VALUES (1072, '2023-01-28', 'FUEL_CONSUMPTION', '7 Nolu Araç 01.Ay Raporu', '{"summary": "Ay bazlı analiz", "consumption": 1837}');
INSERT INTO reports (report_id, generated_date, type, title, data) VALUES (1073, '2023-02-28', 'FUEL_CONSUMPTION', '7 Nolu Araç 02.Ay Raporu', '{"summary": "Ay bazlı analiz", "consumption": 1540}');
INSERT INTO reports (report_id, generated_date, type, title, data) VALUES (1074, '2023-03-28', 'FUEL_CONSUMPTION', '7 Nolu Araç 03.Ay Raporu', '{"summary": "Ay bazlı analiz", "consumption": 2435}');
INSERT INTO reports (report_id, generated_date, type, title, data) VALUES (1075, '2023-04-28', 'FUEL_CONSUMPTION', '7 Nolu Araç 04.Ay Raporu', '{"summary": "Ay bazlı analiz", "consumption": 1511}');
INSERT INTO reports (report_id, generated_date, type, title, data) VALUES (1076, '2023-05-28', 'FUEL_CONSUMPTION', '7 Nolu Araç 05.Ay Raporu', '{"summary": "Ay bazlı analiz", "consumption": 2684}');
INSERT INTO reports (report_id, generated_date, type, title, data) VALUES (1077, '2023-06-28', 'FUEL_CONSUMPTION', '7 Nolu Araç 06.Ay Raporu', '{"summary": "Ay bazlı analiz", "consumption": 1792}');
INSERT INTO reports (report_id, generated_date, type, title, data) VALUES (1078, '2023-07-28', 'FUEL_CONSUMPTION', '7 Nolu Araç 07.Ay Raporu', '{"summary": "Ay bazlı analiz", "consumption": 1740}');
INSERT INTO reports (report_id, generated_date, type, title, data) VALUES (1079, '2023-08-28', 'FUEL_CONSUMPTION', '7 Nolu Araç 08.Ay Raporu', '{"summary": "Ay bazlı analiz", "consumption": 2178}');
INSERT INTO reports (report_id, generated_date, type, title, data) VALUES (1080, '2023-09-28', 'FUEL_CONSUMPTION', '7 Nolu Araç 09.Ay Raporu', '{"summary": "Ay bazlı analiz", "consumption": 2422}');
INSERT INTO reports (report_id, generated_date, type, title, data) VALUES (1081, '2023-10-28', 'FUEL_CONSUMPTION', '7 Nolu Araç 10.Ay Raporu', '{"summary": "Ay bazlı analiz", "consumption": 2535}');
INSERT INTO reports (report_id, generated_date, type, title, data) VALUES (1082, '2023-11-28', 'FUEL_CONSUMPTION', '7 Nolu Araç 11.Ay Raporu', '{"summary": "Ay bazlı analiz", "consumption": 1756}');
INSERT INTO reports (report_id, generated_date, type, title, data) VALUES (1083, '2023-12-28', 'FUEL_CONSUMPTION', '7 Nolu Araç 12.Ay Raporu', '{"summary": "Ay bazlı analiz", "consumption": 1540}');
INSERT INTO reports (report_id, generated_date, type, title, data) VALUES (1084, '2023-01-28', 'FUEL_CONSUMPTION', '8 Nolu Araç 01.Ay Raporu', '{"summary": "Ay bazlı analiz", "consumption": 1878}');
INSERT INTO reports (report_id, generated_date, type, title, data) VALUES (1085, '2023-02-28', 'FUEL_CONSUMPTION', '8 Nolu Araç 02.Ay Raporu', '{"summary": "Ay bazlı analiz", "consumption": 1963}');
INSERT INTO reports (report_id, generated_date, type, title, data) VALUES (1086, '2023-03-28', 'FUEL_CONSUMPTION', '8 Nolu Araç 03.Ay Raporu', '{"summary": "Ay bazlı analiz", "consumption": 2704}');
INSERT INTO reports (report_id, generated_date, type, title, data) VALUES (1087, '2023-04-28', 'FUEL_CONSUMPTION', '8 Nolu Araç 04.Ay Raporu', '{"summary": "Ay bazlı analiz", "consumption": 2088}');
INSERT INTO reports (report_id, generated_date, type, title, data) VALUES (1088, '2023-05-28', 'FUEL_CONSUMPTION', '8 Nolu Araç 05.Ay Raporu', '{"summary": "Ay bazlı analiz", "consumption": 2929}');
INSERT INTO reports (report_id, generated_date, type, title, data) VALUES (1089, '2023-06-28', 'FUEL_CONSUMPTION', '8 Nolu Araç 06.Ay Raporu', '{"summary": "Ay bazlı analiz", "consumption": 2473}');
INSERT INTO reports (report_id, generated_date, type, title, data) VALUES (1090, '2023-07-28', 'FUEL_CONSUMPTION', '8 Nolu Araç 07.Ay Raporu', '{"summary": "Ay bazlı analiz", "consumption": 2174}');
INSERT INTO reports (report_id, generated_date, type, title, data) VALUES (1091, '2023-08-28', 'FUEL_CONSUMPTION', '8 Nolu Araç 08.Ay Raporu', '{"summary": "Ay bazlı analiz", "consumption": 1650}');
INSERT INTO reports (report_id, generated_date, type, title, data) VALUES (1092, '2023-09-28', 'FUEL_CONSUMPTION', '8 Nolu Araç 09.Ay Raporu', '{"summary": "Ay bazlı analiz", "consumption": 1661}');
INSERT INTO reports (report_id, generated_date, type, title, data) VALUES (1093, '2023-10-28', 'FUEL_CONSUMPTION', '8 Nolu Araç 10.Ay Raporu', '{"summary": "Ay bazlı analiz", "consumption": 2869}');
INSERT INTO reports (report_id, generated_date, type, title, data) VALUES (1094, '2023-11-28', 'FUEL_CONSUMPTION', '8 Nolu Araç 11.Ay Raporu', '{"summary": "Ay bazlı analiz", "consumption": 2666}');
INSERT INTO reports (report_id, generated_date, type, title, data) VALUES (1095, '2023-12-28', 'FUEL_CONSUMPTION', '8 Nolu Araç 12.Ay Raporu', '{"summary": "Ay bazlı analiz", "consumption": 2911}');
INSERT INTO reports (report_id, generated_date, type, title, data) VALUES (1096, '2023-01-28', 'FUEL_CONSUMPTION', '9 Nolu Araç 01.Ay Raporu', '{"summary": "Ay bazlı analiz", "consumption": 2822}');
INSERT INTO reports (report_id, generated_date, type, title, data) VALUES (1097, '2023-02-28', 'FUEL_CONSUMPTION', '9 Nolu Araç 02.Ay Raporu', '{"summary": "Ay bazlı analiz", "consumption": 2583}');
INSERT INTO reports (report_id, generated_date, type, title, data) VALUES (1098, '2023-03-28', 'FUEL_CONSUMPTION', '9 Nolu Araç 03.Ay Raporu', '{"summary": "Ay bazlı analiz", "consumption": 1666}');
INSERT INTO reports (report_id, generated_date, type, title, data) VALUES (1099, '2023-04-28', 'FUEL_CONSUMPTION', '9 Nolu Araç 04.Ay Raporu', '{"summary": "Ay bazlı analiz", "consumption": 1711}');
INSERT INTO reports (report_id, generated_date, type, title, data) VALUES (1100, '2023-05-28', 'FUEL_CONSUMPTION', '9 Nolu Araç 05.Ay Raporu', '{"summary": "Ay bazlı analiz", "consumption": 2035}');
INSERT INTO reports (report_id, generated_date, type, title, data) VALUES (1101, '2023-06-28', 'FUEL_CONSUMPTION', '9 Nolu Araç 06.Ay Raporu', '{"summary": "Ay bazlı analiz", "consumption": 2271}');
INSERT INTO reports (report_id, generated_date, type, title, data) VALUES (1102, '2023-07-28', 'FUEL_CONSUMPTION', '9 Nolu Araç 07.Ay Raporu', '{"summary": "Ay bazlı analiz", "consumption": 1954}');
INSERT INTO reports (report_id, generated_date, type, title, data) VALUES (1103, '2023-08-28', 'FUEL_CONSUMPTION', '9 Nolu Araç 08.Ay Raporu', '{"summary": "Ay bazlı analiz", "consumption": 2581}');
INSERT INTO reports (report_id, generated_date, type, title, data) VALUES (1104, '2023-09-28', 'FUEL_CONSUMPTION', '9 Nolu Araç 09.Ay Raporu', '{"summary": "Ay bazlı analiz", "consumption": 2515}');
INSERT INTO reports (report_id, generated_date, type, title, data) VALUES (1105, '2023-10-28', 'FUEL_CONSUMPTION', '9 Nolu Araç 10.Ay Raporu', '{"summary": "Ay bazlı analiz", "consumption": 1562}');
INSERT INTO reports (report_id, generated_date, type, title, data) VALUES (1106, '2023-11-28', 'FUEL_CONSUMPTION', '9 Nolu Araç 11.Ay Raporu', '{"summary": "Ay bazlı analiz", "consumption": 2361}');
INSERT INTO reports (report_id, generated_date, type, title, data) VALUES (1107, '2023-12-28', 'FUEL_CONSUMPTION', '9 Nolu Araç 12.Ay Raporu', '{"summary": "Ay bazlı analiz", "consumption": 1597}');
INSERT INTO reports (report_id, generated_date, type, title, data) VALUES (1108, '2023-01-28', 'FUEL_CONSUMPTION', '10 Nolu Araç 01.Ay Raporu', '{"summary": "Ay bazlı analiz", "consumption": 2627}');
INSERT INTO reports (report_id, generated_date, type, title, data) VALUES (1109, '2023-02-28', 'FUEL_CONSUMPTION', '10 Nolu Araç 02.Ay Raporu', '{"summary": "Ay bazlı analiz", "consumption": 2725}');
INSERT INTO reports (report_id, generated_date, type, title, data) VALUES (1110, '2023-03-28', 'FUEL_CONSUMPTION', '10 Nolu Araç 03.Ay Raporu', '{"summary": "Ay bazlı analiz", "consumption": 1738}');
INSERT INTO reports (report_id, generated_date, type, title, data) VALUES (1111, '2023-04-28', 'FUEL_CONSUMPTION', '10 Nolu Araç 04.Ay Raporu', '{"summary": "Ay bazlı analiz", "consumption": 2026}');
INSERT INTO reports (report_id, generated_date, type, title, data) VALUES (1112, '2023-05-28', 'FUEL_CONSUMPTION', '10 Nolu Araç 05.Ay Raporu', '{"summary": "Ay bazlı analiz", "consumption": 1588}');
INSERT INTO reports (report_id, generated_date, type, title, data) VALUES (1113, '2023-06-28', 'FUEL_CONSUMPTION', '10 Nolu Araç 06.Ay Raporu', '{"summary": "Ay bazlı analiz", "consumption": 1746}');
INSERT INTO reports (report_id, generated_date, type, title, data) VALUES (1114, '2023-07-28', 'FUEL_CONSUMPTION', '10 Nolu Araç 07.Ay Raporu', '{"summary": "Ay bazlı analiz", "consumption": 2655}');
INSERT INTO reports (report_id, generated_date, type, title, data) VALUES (1115, '2023-08-28', 'FUEL_CONSUMPTION', '10 Nolu Araç 08.Ay Raporu', '{"summary": "Ay bazlı analiz", "consumption": 1616}');
INSERT INTO reports (report_id, generated_date, type, title, data) VALUES (1116, '2023-09-28', 'FUEL_CONSUMPTION', '10 Nolu Araç 09.Ay Raporu', '{"summary": "Ay bazlı analiz", "consumption": 2000}');
INSERT INTO reports (report_id, generated_date, type, title, data) VALUES (1117, '2023-10-28', 'FUEL_CONSUMPTION', '10 Nolu Araç 10.Ay Raporu', '{"summary": "Ay bazlı analiz", "consumption": 2451}');
INSERT INTO reports (report_id, generated_date, type, title, data) VALUES (1118, '2023-11-28', 'FUEL_CONSUMPTION', '10 Nolu Araç 11.Ay Raporu', '{"summary": "Ay bazlı analiz", "consumption": 2252}');
INSERT INTO reports (report_id, generated_date, type, title, data) VALUES (1119, '2023-12-28', 'FUEL_CONSUMPTION', '10 Nolu Araç 12.Ay Raporu', '{"summary": "Ay bazlı analiz", "consumption": 2440}');
INSERT INTO reports (report_id, generated_date, type, title, data) VALUES (1120, '2023-01-28', 'FUEL_CONSUMPTION', '11 Nolu Araç 01.Ay Raporu', '{"summary": "Ay bazlı analiz", "consumption": 2276}');
INSERT INTO reports (report_id, generated_date, type, title, data) VALUES (1121, '2023-02-28', 'FUEL_CONSUMPTION', '11 Nolu Araç 02.Ay Raporu', '{"summary": "Ay bazlı analiz", "consumption": 1602}');
INSERT INTO reports (report_id, generated_date, type, title, data) VALUES (1122, '2023-03-28', 'FUEL_CONSUMPTION', '11 Nolu Araç 03.Ay Raporu', '{"summary": "Ay bazlı analiz", "consumption": 1840}');
INSERT INTO reports (report_id, generated_date, type, title, data) VALUES (1123, '2023-04-28', 'FUEL_CONSUMPTION', '11 Nolu Araç 04.Ay Raporu', '{"summary": "Ay bazlı analiz", "consumption": 2112}');
INSERT INTO reports (report_id, generated_date, type, title, data) VALUES (1124, '2023-05-28', 'FUEL_CONSUMPTION', '11 Nolu Araç 05.Ay Raporu', '{"summary": "Ay bazlı analiz", "consumption": 1711}');
INSERT INTO reports (report_id, generated_date, type, title, data) VALUES (1125, '2023-06-28', 'FUEL_CONSUMPTION', '11 Nolu Araç 06.Ay Raporu', '{"summary": "Ay bazlı analiz", "consumption": 2040}');
INSERT INTO reports (report_id, generated_date, type, title, data) VALUES (1126, '2023-07-28', 'FUEL_CONSUMPTION', '11 Nolu Araç 07.Ay Raporu', '{"summary": "Ay bazlı analiz", "consumption": 2320}');
INSERT INTO reports (report_id, generated_date, type, title, data) VALUES (1127, '2023-08-28', 'FUEL_CONSUMPTION', '11 Nolu Araç 08.Ay Raporu', '{"summary": "Ay bazlı analiz", "consumption": 2962}');
INSERT INTO reports (report_id, generated_date, type, title, data) VALUES (1128, '2023-09-28', 'FUEL_CONSUMPTION', '11 Nolu Araç 09.Ay Raporu', '{"summary": "Ay bazlı analiz", "consumption": 2326}');
INSERT INTO reports (report_id, generated_date, type, title, data) VALUES (1129, '2023-10-28', 'FUEL_CONSUMPTION', '11 Nolu Araç 10.Ay Raporu', '{"summary": "Ay bazlı analiz", "consumption": 2470}');
INSERT INTO reports (report_id, generated_date, type, title, data) VALUES (1130, '2023-11-28', 'FUEL_CONSUMPTION', '11 Nolu Araç 11.Ay Raporu', '{"summary": "Ay bazlı analiz", "consumption": 2864}');
INSERT INTO reports (report_id, generated_date, type, title, data) VALUES (1131, '2023-12-28', 'FUEL_CONSUMPTION', '11 Nolu Araç 12.Ay Raporu', '{"summary": "Ay bazlı analiz", "consumption": 2723}');
INSERT INTO reports (report_id, generated_date, type, title, data) VALUES (1132, '2023-01-28', 'FUEL_CONSUMPTION', '12 Nolu Araç 01.Ay Raporu', '{"summary": "Ay bazlı analiz", "consumption": 1855}');
INSERT INTO reports (report_id, generated_date, type, title, data) VALUES (1133, '2023-02-28', 'FUEL_CONSUMPTION', '12 Nolu Araç 02.Ay Raporu', '{"summary": "Ay bazlı analiz", "consumption": 2247}');
INSERT INTO reports (report_id, generated_date, type, title, data) VALUES (1134, '2023-03-28', 'FUEL_CONSUMPTION', '12 Nolu Araç 03.Ay Raporu', '{"summary": "Ay bazlı analiz", "consumption": 2565}');
INSERT INTO reports (report_id, generated_date, type, title, data) VALUES (1135, '2023-04-28', 'FUEL_CONSUMPTION', '12 Nolu Araç 04.Ay Raporu', '{"summary": "Ay bazlı analiz", "consumption": 2356}');
INSERT INTO reports (report_id, generated_date, type, title, data) VALUES (1136, '2023-05-28', 'FUEL_CONSUMPTION', '12 Nolu Araç 05.Ay Raporu', '{"summary": "Ay bazlı analiz", "consumption": 1723}');
INSERT INTO reports (report_id, generated_date, type, title, data) VALUES (1137, '2023-06-28', 'FUEL_CONSUMPTION', '12 Nolu Araç 06.Ay Raporu', '{"summary": "Ay bazlı analiz", "consumption": 2754}');
INSERT INTO reports (report_id, generated_date, type, title, data) VALUES (1138, '2023-07-28', 'FUEL_CONSUMPTION', '12 Nolu Araç 07.Ay Raporu', '{"summary": "Ay bazlı analiz", "consumption": 1990}');
INSERT INTO reports (report_id, generated_date, type, title, data) VALUES (1139, '2023-08-28', 'FUEL_CONSUMPTION', '12 Nolu Araç 08.Ay Raporu', '{"summary": "Ay bazlı analiz", "consumption": 2368}');
INSERT INTO reports (report_id, generated_date, type, title, data) VALUES (1140, '2023-09-28', 'FUEL_CONSUMPTION', '12 Nolu Araç 09.Ay Raporu', '{"summary": "Ay bazlı analiz", "consumption": 1761}');
INSERT INTO reports (report_id, generated_date, type, title, data) VALUES (1141, '2023-10-28', 'FUEL_CONSUMPTION', '12 Nolu Araç 10.Ay Raporu', '{"summary": "Ay bazlı analiz", "consumption": 2199}');
INSERT INTO reports (report_id, generated_date, type, title, data) VALUES (1142, '2023-11-28', 'FUEL_CONSUMPTION', '12 Nolu Araç 11.Ay Raporu', '{"summary": "Ay bazlı analiz", "consumption": 2785}');
INSERT INTO reports (report_id, generated_date, type, title, data) VALUES (1143, '2023-12-28', 'FUEL_CONSUMPTION', '12 Nolu Araç 12.Ay Raporu', '{"summary": "Ay bazlı analiz", "consumption": 2108}');
INSERT INTO reports (report_id, generated_date, type, title, data) VALUES (1144, '2023-01-28', 'FUEL_CONSUMPTION', '13 Nolu Araç 01.Ay Raporu', '{"summary": "Ay bazlı analiz", "consumption": 2465}');
INSERT INTO reports (report_id, generated_date, type, title, data) VALUES (1145, '2023-02-28', 'FUEL_CONSUMPTION', '13 Nolu Araç 02.Ay Raporu', '{"summary": "Ay bazlı analiz", "consumption": 2552}');
INSERT INTO reports (report_id, generated_date, type, title, data) VALUES (1146, '2023-03-28', 'FUEL_CONSUMPTION', '13 Nolu Araç 03.Ay Raporu', '{"summary": "Ay bazlı analiz", "consumption": 2537}');
INSERT INTO reports (report_id, generated_date, type, title, data) VALUES (1147, '2023-04-28', 'FUEL_CONSUMPTION', '13 Nolu Araç 04.Ay Raporu', '{"summary": "Ay bazlı analiz", "consumption": 2190}');
INSERT INTO reports (report_id, generated_date, type, title, data) VALUES (1148, '2023-05-28', 'FUEL_CONSUMPTION', '13 Nolu Araç 05.Ay Raporu', '{"summary": "Ay bazlı analiz", "consumption": 1887}');
INSERT INTO reports (report_id, generated_date, type, title, data) VALUES (1149, '2023-06-28', 'FUEL_CONSUMPTION', '13 Nolu Araç 06.Ay Raporu', '{"summary": "Ay bazlı analiz", "consumption": 2784}');
INSERT INTO reports (report_id, generated_date, type, title, data) VALUES (1150, '2023-07-28', 'FUEL_CONSUMPTION', '13 Nolu Araç 07.Ay Raporu', '{"summary": "Ay bazlı analiz", "consumption": 2714}');
INSERT INTO reports (report_id, generated_date, type, title, data) VALUES (1151, '2023-08-28', 'FUEL_CONSUMPTION', '13 Nolu Araç 08.Ay Raporu', '{"summary": "Ay bazlı analiz", "consumption": 2461}');
INSERT INTO reports (report_id, generated_date, type, title, data) VALUES (1152, '2023-09-28', 'FUEL_CONSUMPTION', '13 Nolu Araç 09.Ay Raporu', '{"summary": "Ay bazlı analiz", "consumption": 2803}');
INSERT INTO reports (report_id, generated_date, type, title, data) VALUES (1153, '2023-10-28', 'FUEL_CONSUMPTION', '13 Nolu Araç 10.Ay Raporu', '{"summary": "Ay bazlı analiz", "consumption": 2523}');
INSERT INTO reports (report_id, generated_date, type, title, data) VALUES (1154, '2023-11-28', 'FUEL_CONSUMPTION', '13 Nolu Araç 11.Ay Raporu', '{"summary": "Ay bazlı analiz", "consumption": 2801}');
INSERT INTO reports (report_id, generated_date, type, title, data) VALUES (1155, '2023-12-28', 'FUEL_CONSUMPTION', '13 Nolu Araç 12.Ay Raporu', '{"summary": "Ay bazlı analiz", "consumption": 1546}');
INSERT INTO reports (report_id, generated_date, type, title, data) VALUES (1156, '2023-01-28', 'FUEL_CONSUMPTION', '14 Nolu Araç 01.Ay Raporu', '{"summary": "Ay bazlı analiz", "consumption": 2249}');
INSERT INTO reports (report_id, generated_date, type, title, data) VALUES (1157, '2023-02-28', 'FUEL_CONSUMPTION', '14 Nolu Araç 02.Ay Raporu', '{"summary": "Ay bazlı analiz", "consumption": 1565}');
INSERT INTO reports (report_id, generated_date, type, title, data) VALUES (1158, '2023-03-28', 'FUEL_CONSUMPTION', '14 Nolu Araç 03.Ay Raporu', '{"summary": "Ay bazlı analiz", "consumption": 2292}');
INSERT INTO reports (report_id, generated_date, type, title, data) VALUES (1159, '2023-04-28', 'FUEL_CONSUMPTION', '14 Nolu Araç 04.Ay Raporu', '{"summary": "Ay bazlı analiz", "consumption": 1755}');
INSERT INTO reports (report_id, generated_date, type, title, data) VALUES (1160, '2023-05-28', 'FUEL_CONSUMPTION', '14 Nolu Araç 05.Ay Raporu', '{"summary": "Ay bazlı analiz", "consumption": 2470}');
INSERT INTO reports (report_id, generated_date, type, title, data) VALUES (1161, '2023-06-28', 'FUEL_CONSUMPTION', '14 Nolu Araç 06.Ay Raporu', '{"summary": "Ay bazlı analiz", "consumption": 2041}');
INSERT INTO reports (report_id, generated_date, type, title, data) VALUES (1162, '2023-07-28', 'FUEL_CONSUMPTION', '14 Nolu Araç 07.Ay Raporu', '{"summary": "Ay bazlı analiz", "consumption": 1955}');
INSERT INTO reports (report_id, generated_date, type, title, data) VALUES (1163, '2023-08-28', 'FUEL_CONSUMPTION', '14 Nolu Araç 08.Ay Raporu', '{"summary": "Ay bazlı analiz", "consumption": 2526}');
INSERT INTO reports (report_id, generated_date, type, title, data) VALUES (1164, '2023-09-28', 'FUEL_CONSUMPTION', '14 Nolu Araç 09.Ay Raporu', '{"summary": "Ay bazlı analiz", "consumption": 2269}');
INSERT INTO reports (report_id, generated_date, type, title, data) VALUES (1165, '2023-10-28', 'FUEL_CONSUMPTION', '14 Nolu Araç 10.Ay Raporu', '{"summary": "Ay bazlı analiz", "consumption": 1905}');
INSERT INTO reports (report_id, generated_date, type, title, data) VALUES (1166, '2023-11-28', 'FUEL_CONSUMPTION', '14 Nolu Araç 11.Ay Raporu', '{"summary": "Ay bazlı analiz", "consumption": 2611}');
INSERT INTO reports (report_id, generated_date, type, title, data) VALUES (1167, '2023-12-28', 'FUEL_CONSUMPTION', '14 Nolu Araç 12.Ay Raporu', '{"summary": "Ay bazlı analiz", "consumption": 1898}');
INSERT INTO reports (report_id, generated_date, type, title, data) VALUES (1168, '2023-01-28', 'FUEL_CONSUMPTION', '15 Nolu Araç 01.Ay Raporu', '{"summary": "Ay bazlı analiz", "consumption": 1838}');
INSERT INTO reports (report_id, generated_date, type, title, data) VALUES (1169, '2023-02-28', 'FUEL_CONSUMPTION', '15 Nolu Araç 02.Ay Raporu', '{"summary": "Ay bazlı analiz", "consumption": 1869}');
INSERT INTO reports (report_id, generated_date, type, title, data) VALUES (1170, '2023-03-28', 'FUEL_CONSUMPTION', '15 Nolu Araç 03.Ay Raporu', '{"summary": "Ay bazlı analiz", "consumption": 1783}');
INSERT INTO reports (report_id, generated_date, type, title, data) VALUES (1171, '2023-04-28', 'FUEL_CONSUMPTION', '15 Nolu Araç 04.Ay Raporu', '{"summary": "Ay bazlı analiz", "consumption": 2610}');
INSERT INTO reports (report_id, generated_date, type, title, data) VALUES (1172, '2023-05-28', 'FUEL_CONSUMPTION', '15 Nolu Araç 05.Ay Raporu', '{"summary": "Ay bazlı analiz", "consumption": 2824}');
INSERT INTO reports (report_id, generated_date, type, title, data) VALUES (1173, '2023-06-28', 'FUEL_CONSUMPTION', '15 Nolu Araç 06.Ay Raporu', '{"summary": "Ay bazlı analiz", "consumption": 2083}');
INSERT INTO reports (report_id, generated_date, type, title, data) VALUES (1174, '2023-07-28', 'FUEL_CONSUMPTION', '15 Nolu Araç 07.Ay Raporu', '{"summary": "Ay bazlı analiz", "consumption": 2529}');
INSERT INTO reports (report_id, generated_date, type, title, data) VALUES (1175, '2023-08-28', 'FUEL_CONSUMPTION', '15 Nolu Araç 08.Ay Raporu', '{"summary": "Ay bazlı analiz", "consumption": 2530}');
INSERT INTO reports (report_id, generated_date, type, title, data) VALUES (1176, '2023-09-28', 'FUEL_CONSUMPTION', '15 Nolu Araç 09.Ay Raporu', '{"summary": "Ay bazlı analiz", "consumption": 2155}');
INSERT INTO reports (report_id, generated_date, type, title, data) VALUES (1177, '2023-10-28', 'FUEL_CONSUMPTION', '15 Nolu Araç 10.Ay Raporu', '{"summary": "Ay bazlı analiz", "consumption": 2990}');
INSERT INTO reports (report_id, generated_date, type, title, data) VALUES (1178, '2023-11-28', 'FUEL_CONSUMPTION', '15 Nolu Araç 11.Ay Raporu', '{"summary": "Ay bazlı analiz", "consumption": 2115}');
INSERT INTO reports (report_id, generated_date, type, title, data) VALUES (1179, '2023-12-28', 'FUEL_CONSUMPTION', '15 Nolu Araç 12.Ay Raporu', '{"summary": "Ay bazlı analiz", "consumption": 1552}');
INSERT INTO expense_tracker (tracker_id, company_id, expense_type) VALUES (2000, 1, 'FUEL');
INSERT INTO expense_tracker (tracker_id, company_id, expense_type) VALUES (2001, 1, 'FUEL');
INSERT INTO expense_tracker (tracker_id, company_id, expense_type) VALUES (2002, 1, 'FUEL');
INSERT INTO expense_tracker (tracker_id, company_id, expense_type) VALUES (2003, 1, 'FUEL');
INSERT INTO expense_tracker (tracker_id, company_id, expense_type) VALUES (2004, 1, 'FUEL');
INSERT INTO expense_tracker (tracker_id, company_id, expense_type) VALUES (2005, 2, 'FUEL');
INSERT INTO expense_tracker (tracker_id, company_id, expense_type) VALUES (2006, 2, 'FUEL');
INSERT INTO expense_tracker (tracker_id, company_id, expense_type) VALUES (2007, 2, 'FUEL');
INSERT INTO expense_tracker (tracker_id, company_id, expense_type) VALUES (2008, 2, 'FUEL');
INSERT INTO expense_tracker (tracker_id, company_id, expense_type) VALUES (2009, 2, 'FUEL');
INSERT INTO expense_tracker (tracker_id, company_id, expense_type) VALUES (2010, 3, 'FUEL');
INSERT INTO expense_tracker (tracker_id, company_id, expense_type) VALUES (2011, 3, 'FUEL');
INSERT INTO expense_tracker (tracker_id, company_id, expense_type) VALUES (2012, 3, 'FUEL');
INSERT INTO expense_tracker (tracker_id, company_id, expense_type) VALUES (2013, 3, 'FUEL');
INSERT INTO expense_tracker (tracker_id, company_id, expense_type) VALUES (2014, 3, 'FUEL');
INSERT INTO expense_reports (tracker_id, report_id) VALUES (2000, 1000);
INSERT INTO expense_reports (tracker_id, report_id) VALUES (2000, 1001);
INSERT INTO expense_reports (tracker_id, report_id) VALUES (2000, 1002);
INSERT INTO expense_reports (tracker_id, report_id) VALUES (2000, 1003);
INSERT INTO expense_reports (tracker_id, report_id) VALUES (2000, 1004);
INSERT INTO expense_reports (tracker_id, report_id) VALUES (2000, 1005);
INSERT INTO expense_reports (tracker_id, report_id) VALUES (2000, 1006);
INSERT INTO expense_reports (tracker_id, report_id) VALUES (2000, 1007);
INSERT INTO expense_reports (tracker_id, report_id) VALUES (2000, 1008);
INSERT INTO expense_reports (tracker_id, report_id) VALUES (2000, 1009);
INSERT INTO expense_reports (tracker_id, report_id) VALUES (2000, 1010);
INSERT INTO expense_reports (tracker_id, report_id) VALUES (2000, 1011);
INSERT INTO expense_reports (tracker_id, report_id) VALUES (2001, 1012);
INSERT INTO expense_reports (tracker_id, report_id) VALUES (2001, 1013);
INSERT INTO expense_reports (tracker_id, report_id) VALUES (2001, 1014);
INSERT INTO expense_reports (tracker_id, report_id) VALUES (2001, 1015);
INSERT INTO expense_reports (tracker_id, report_id) VALUES (2001, 1016);
INSERT INTO expense_reports (tracker_id, report_id) VALUES (2001, 1017);
INSERT INTO expense_reports (tracker_id, report_id) VALUES (2001, 1018);
INSERT INTO expense_reports (tracker_id, report_id) VALUES (2001, 1019);
INSERT INTO expense_reports (tracker_id, report_id) VALUES (2001, 1020);
INSERT INTO expense_reports (tracker_id, report_id) VALUES (2001, 1021);
INSERT INTO expense_reports (tracker_id, report_id) VALUES (2001, 1022);
INSERT INTO expense_reports (tracker_id, report_id) VALUES (2001, 1023);
INSERT INTO expense_reports (tracker_id, report_id) VALUES (2002, 1024);
INSERT INTO expense_reports (tracker_id, report_id) VALUES (2002, 1025);
INSERT INTO expense_reports (tracker_id, report_id) VALUES (2002, 1026);
INSERT INTO expense_reports (tracker_id, report_id) VALUES (2002, 1027);
INSERT INTO expense_reports (tracker_id, report_id) VALUES (2002, 1028);
INSERT INTO expense_reports (tracker_id, report_id) VALUES (2002, 1029);
INSERT INTO expense_reports (tracker_id, report_id) VALUES (2002, 1030);
INSERT INTO expense_reports (tracker_id, report_id) VALUES (2002, 1031);
INSERT INTO expense_reports (tracker_id, report_id) VALUES (2002, 1032);
INSERT INTO expense_reports (tracker_id, report_id) VALUES (2002, 1033);
INSERT INTO expense_reports (tracker_id, report_id) VALUES (2002, 1034);
INSERT INTO expense_reports (tracker_id, report_id) VALUES (2002, 1035);
INSERT INTO expense_reports (tracker_id, report_id) VALUES (2003, 1036);
INSERT INTO expense_reports (tracker_id, report_id) VALUES (2003, 1037);
INSERT INTO expense_reports (tracker_id, report_id) VALUES (2003, 1038);
INSERT INTO expense_reports (tracker_id, report_id) VALUES (2003, 1039);
INSERT INTO expense_reports (tracker_id, report_id) VALUES (2003, 1040);
INSERT INTO expense_reports (tracker_id, report_id) VALUES (2003, 1041);
INSERT INTO expense_reports (tracker_id, report_id) VALUES (2003, 1042);
INSERT INTO expense_reports (tracker_id, report_id) VALUES (2003, 1043);
INSERT INTO expense_reports (tracker_id, report_id) VALUES (2003, 1044);
INSERT INTO expense_reports (tracker_id, report_id) VALUES (2003, 1045);
INSERT INTO expense_reports (tracker_id, report_id) VALUES (2003, 1046);
INSERT INTO expense_reports (tracker_id, report_id) VALUES (2003, 1047);
INSERT INTO expense_reports (tracker_id, report_id) VALUES (2004, 1048);
INSERT INTO expense_reports (tracker_id, report_id) VALUES (2004, 1049);
INSERT INTO expense_reports (tracker_id, report_id) VALUES (2004, 1050);
INSERT INTO expense_reports (tracker_id, report_id) VALUES (2004, 1051);
INSERT INTO expense_reports (tracker_id, report_id) VALUES (2004, 1052);
INSERT INTO expense_reports (tracker_id, report_id) VALUES (2004, 1053);
INSERT INTO expense_reports (tracker_id, report_id) VALUES (2004, 1054);
INSERT INTO expense_reports (tracker_id, report_id) VALUES (2004, 1055);
INSERT INTO expense_reports (tracker_id, report_id) VALUES (2004, 1056);
INSERT INTO expense_reports (tracker_id, report_id) VALUES (2004, 1057);
INSERT INTO expense_reports (tracker_id, report_id) VALUES (2004, 1058);
INSERT INTO expense_reports (tracker_id, report_id) VALUES (2004, 1059);
INSERT INTO expense_reports (tracker_id, report_id) VALUES (2005, 1060);
INSERT INTO expense_reports (tracker_id, report_id) VALUES (2005, 1061);
INSERT INTO expense_reports (tracker_id, report_id) VALUES (2005, 1062);
INSERT INTO expense_reports (tracker_id, report_id) VALUES (2005, 1063);
INSERT INTO expense_reports (tracker_id, report_id) VALUES (2005, 1064);
INSERT INTO expense_reports (tracker_id, report_id) VALUES (2005, 1065);
INSERT INTO expense_reports (tracker_id, report_id) VALUES (2005, 1066);
INSERT INTO expense_reports (tracker_id, report_id) VALUES (2005, 1067);
INSERT INTO expense_reports (tracker_id, report_id) VALUES (2005, 1068);
INSERT INTO expense_reports (tracker_id, report_id) VALUES (2005, 1069);
INSERT INTO expense_reports (tracker_id, report_id) VALUES (2005, 1070);
INSERT INTO expense_reports (tracker_id, report_id) VALUES (2005, 1071);
INSERT INTO expense_reports (tracker_id, report_id) VALUES (2006, 1072);
INSERT INTO expense_reports (tracker_id, report_id) VALUES (2006, 1073);
INSERT INTO expense_reports (tracker_id, report_id) VALUES (2006, 1074);
INSERT INTO expense_reports (tracker_id, report_id) VALUES (2006, 1075);
INSERT INTO expense_reports (tracker_id, report_id) VALUES (2006, 1076);
INSERT INTO expense_reports (tracker_id, report_id) VALUES (2006, 1077);
INSERT INTO expense_reports (tracker_id, report_id) VALUES (2006, 1078);
INSERT INTO expense_reports (tracker_id, report_id) VALUES (2006, 1079);
INSERT INTO expense_reports (tracker_id, report_id) VALUES (2006, 1080);
INSERT INTO expense_reports (tracker_id, report_id) VALUES (2006, 1081);
INSERT INTO expense_reports (tracker_id, report_id) VALUES (2006, 1082);
INSERT INTO expense_reports (tracker_id, report_id) VALUES (2006, 1083);
INSERT INTO expense_reports (tracker_id, report_id) VALUES (2007, 1084);
INSERT INTO expense_reports (tracker_id, report_id) VALUES (2007, 1085);
INSERT INTO expense_reports (tracker_id, report_id) VALUES (2007, 1086);
INSERT INTO expense_reports (tracker_id, report_id) VALUES (2007, 1087);
INSERT INTO expense_reports (tracker_id, report_id) VALUES (2007, 1088);
INSERT INTO expense_reports (tracker_id, report_id) VALUES (2007, 1089);
INSERT INTO expense_reports (tracker_id, report_id) VALUES (2007, 1090);
INSERT INTO expense_reports (tracker_id, report_id) VALUES (2007, 1091);
INSERT INTO expense_reports (tracker_id, report_id) VALUES (2007, 1092);
INSERT INTO expense_reports (tracker_id, report_id) VALUES (2007, 1093);
INSERT INTO expense_reports (tracker_id, report_id) VALUES (2007, 1094);
INSERT INTO expense_reports (tracker_id, report_id) VALUES (2007, 1095);
INSERT INTO expense_reports (tracker_id, report_id) VALUES (2008, 1096);
INSERT INTO expense_reports (tracker_id, report_id) VALUES (2008, 1097);
INSERT INTO expense_reports (tracker_id, report_id) VALUES (2008, 1098);
INSERT INTO expense_reports (tracker_id, report_id) VALUES (2008, 1099);
INSERT INTO expense_reports (tracker_id, report_id) VALUES (2008, 1100);
INSERT INTO expense_reports (tracker_id, report_id) VALUES (2008, 1101);
INSERT INTO expense_reports (tracker_id, report_id) VALUES (2008, 1102);
INSERT INTO expense_reports (tracker_id, report_id) VALUES (2008, 1103);
INSERT INTO expense_reports (tracker_id, report_id) VALUES (2008, 1104);
INSERT INTO expense_reports (tracker_id, report_id) VALUES (2008, 1105);
INSERT INTO expense_reports (tracker_id, report_id) VALUES (2008, 1106);
INSERT INTO expense_reports (tracker_id, report_id) VALUES (2008, 1107);
INSERT INTO expense_reports (tracker_id, report_id) VALUES (2009, 1108);
INSERT INTO expense_reports (tracker_id, report_id) VALUES (2009, 1109);
INSERT INTO expense_reports (tracker_id, report_id) VALUES (2009, 1110);
INSERT INTO expense_reports (tracker_id, report_id) VALUES (2009, 1111);
INSERT INTO expense_reports (tracker_id, report_id) VALUES (2009, 1112);
INSERT INTO expense_reports (tracker_id, report_id) VALUES (2009, 1113);
INSERT INTO expense_reports (tracker_id, report_id) VALUES (2009, 1114);
INSERT INTO expense_reports (tracker_id, report_id) VALUES (2009, 1115);
INSERT INTO expense_reports (tracker_id, report_id) VALUES (2009, 1116);
INSERT INTO expense_reports (tracker_id, report_id) VALUES (2009, 1117);
INSERT INTO expense_reports (tracker_id, report_id) VALUES (2009, 1118);
INSERT INTO expense_reports (tracker_id, report_id) VALUES (2009, 1119);
INSERT INTO expense_reports (tracker_id, report_id) VALUES (2010, 1120);
INSERT INTO expense_reports (tracker_id, report_id) VALUES (2010, 1121);
INSERT INTO expense_reports (tracker_id, report_id) VALUES (2010, 1122);
INSERT INTO expense_reports (tracker_id, report_id) VALUES (2010, 1123);
INSERT INTO expense_reports (tracker_id, report_id) VALUES (2010, 1124);
INSERT INTO expense_reports (tracker_id, report_id) VALUES (2010, 1125);
INSERT INTO expense_reports (tracker_id, report_id) VALUES (2010, 1126);
INSERT INTO expense_reports (tracker_id, report_id) VALUES (2010, 1127);
INSERT INTO expense_reports (tracker_id, report_id) VALUES (2010, 1128);
INSERT INTO expense_reports (tracker_id, report_id) VALUES (2010, 1129);
INSERT INTO expense_reports (tracker_id, report_id) VALUES (2010, 1130);
INSERT INTO expense_reports (tracker_id, report_id) VALUES (2010, 1131);
INSERT INTO expense_reports (tracker_id, report_id) VALUES (2011, 1132);
INSERT INTO expense_reports (tracker_id, report_id) VALUES (2011, 1133);
INSERT INTO expense_reports (tracker_id, report_id) VALUES (2011, 1134);
INSERT INTO expense_reports (tracker_id, report_id) VALUES (2011, 1135);
INSERT INTO expense_reports (tracker_id, report_id) VALUES (2011, 1136);
INSERT INTO expense_reports (tracker_id, report_id) VALUES (2011, 1137);
INSERT INTO expense_reports (tracker_id, report_id) VALUES (2011, 1138);
INSERT INTO expense_reports (tracker_id, report_id) VALUES (2011, 1139);
INSERT INTO expense_reports (tracker_id, report_id) VALUES (2011, 1140);
INSERT INTO expense_reports (tracker_id, report_id) VALUES (2011, 1141);
INSERT INTO expense_reports (tracker_id, report_id) VALUES (2011, 1142);
INSERT INTO expense_reports (tracker_id, report_id) VALUES (2011, 1143);
INSERT INTO expense_reports (tracker_id, report_id) VALUES (2012, 1144);
INSERT INTO expense_reports (tracker_id, report_id) VALUES (2012, 1145);
INSERT INTO expense_reports (tracker_id, report_id) VALUES (2012, 1146);
INSERT INTO expense_reports (tracker_id, report_id) VALUES (2012, 1147);
INSERT INTO expense_reports (tracker_id, report_id) VALUES (2012, 1148);
INSERT INTO expense_reports (tracker_id, report_id) VALUES (2012, 1149);
INSERT INTO expense_reports (tracker_id, report_id) VALUES (2012, 1150);
INSERT INTO expense_reports (tracker_id, report_id) VALUES (2012, 1151);
INSERT INTO expense_reports (tracker_id, report_id) VALUES (2012, 1152);
INSERT INTO expense_reports (tracker_id, report_id) VALUES (2012, 1153);
INSERT INTO expense_reports (tracker_id, report_id) VALUES (2012, 1154);
INSERT INTO expense_reports (tracker_id, report_id) VALUES (2012, 1155);
INSERT INTO expense_reports (tracker_id, report_id) VALUES (2013, 1156);
INSERT INTO expense_reports (tracker_id, report_id) VALUES (2013, 1157);
INSERT INTO expense_reports (tracker_id, report_id) VALUES (2013, 1158);
INSERT INTO expense_reports (tracker_id, report_id) VALUES (2013, 1159);
INSERT INTO expense_reports (tracker_id, report_id) VALUES (2013, 1160);
INSERT INTO expense_reports (tracker_id, report_id) VALUES (2013, 1161);
INSERT INTO expense_reports (tracker_id, report_id) VALUES (2013, 1162);
INSERT INTO expense_reports (tracker_id, report_id) VALUES (2013, 1163);
INSERT INTO expense_reports (tracker_id, report_id) VALUES (2013, 1164);
INSERT INTO expense_reports (tracker_id, report_id) VALUES (2013, 1165);
INSERT INTO expense_reports (tracker_id, report_id) VALUES (2013, 1166);
INSERT INTO expense_reports (tracker_id, report_id) VALUES (2013, 1167);
INSERT INTO expense_reports (tracker_id, report_id) VALUES (2014, 1168);
INSERT INTO expense_reports (tracker_id, report_id) VALUES (2014, 1169);
INSERT INTO expense_reports (tracker_id, report_id) VALUES (2014, 1170);
INSERT INTO expense_reports (tracker_id, report_id) VALUES (2014, 1171);
INSERT INTO expense_reports (tracker_id, report_id) VALUES (2014, 1172);
INSERT INTO expense_reports (tracker_id, report_id) VALUES (2014, 1173);
INSERT INTO expense_reports (tracker_id, report_id) VALUES (2014, 1174);
INSERT INTO expense_reports (tracker_id, report_id) VALUES (2014, 1175);
INSERT INTO expense_reports (tracker_id, report_id) VALUES (2014, 1176);
INSERT INTO expense_reports (tracker_id, report_id) VALUES (2014, 1177);
INSERT INTO expense_reports (tracker_id, report_id) VALUES (2014, 1178);
INSERT INTO expense_reports (tracker_id, report_id) VALUES (2014, 1179);